6101	05-IMAGES-OCR-BATCH-001.md	© Dashboard x + > Ask Gemini | web.onsiteteams.com/c/4d6fc487-5cf8-4826-8fd3-1c1f5f1d7660/d/dashboard bd | My Account ©) Soros (2019) EEMO J ppp Dwas Bg Piz af val (Zi GRIN wm JHMM am JHSC vive vrem 3 JoeT [Al avsc | Compan | 4 Y Dashboard a) Premium Plan Valid till 07 Jul 2026 (fh Integrate Tally/Zoho —« Refer & Earn ag | Dashboard Company Dashboard
6102	05-IMAGES-OCR-BATCH-001.md	x + ¢ Ask Gemini | am JHMM. awn JHSC | Compan | reales Y Dashboard > Wf Premium Plan Valid till 7 Jul 2026 Integrate Tally/Zoho —@ Refer & Earn ya 4 | Dashboard Company Dashboard fominas] | Report
6103	05-IMAGES-OCR-BATCH-001.md	¢ Ask Gemini | am JHMM. awn JHSC | Company | rene Dashboard > wf Premium Plan Valid till 07 Jul 2026 Integrate Tally/Zoho —‘ Refer & Earn ya 4 | Dashboard Company Dashboard fominas] | Report
6104	05-IMAGES-OCR-BATCH-001.md	¢ Ask Gemini | am JHMM. awn JHSC | Company | Pre Dashboard > | \ir Premium Plan Valid till 07 Jul 2026 Integrate Tally/Zoho —_—‘ Refer & Earn yay 3 | Dashboard Company Dashboard fominas]
6105	05-IMAGES-OCR-BATCH-001.md	x + > Ask Gemini | web.onsiteteams.com/c/4d6fc487-5cf8-4826-8fd3-1c1f5f1d7660/d/dashboard bd | EB vy Accor Soros (2019) QJ eemMo BM pop BR owas B¥eiz IVAL JI GRIN wm JHMM am JHSC vive [ MFEM 3 JoET [Al Avsc | Company | ry Ee y Dashboard > [A] View Plans Premium Plan Valid till 07 Jul 2026 —_ fj) Integrate Tally/Zoho Refer & Earn a | Dashboard Company Dashboard
6106	05-IMAGES-OCR-BATCH-002.md	Company | Admin | Dashboard | Report | Project | Team Schedule
6107	05-IMAGES-OCR-BATCH-002.md	x + ¢ Ask Gemini | web.onsiteteams.com/c/4d d7660/d d bs | 19) EB eemo BM pop Z av am JHMM. awn JHSC VLUE | Compan | reales Y Dashboard > Wf Premium Plan Valid till 7 Jul 2026 Integrate Tally/Zoho —@ Refer & Earn ya 4 | Dashboard Company Dashboard fominas]
6108	05-IMAGES-OCR-BATCH-002.md	¢ Ask Gemini | am JHMM. awn JHSC | Company | rene Dashboard > wf Premium Plan Valid till 07 Jul 2026 Integrate Tally/Zoho —‘ Refer & Earn ya 4 | Dashboard Company Dashboard fominas] | Report
6109	05-IMAGES-OCR-BATCH-002.md	¢ Ask Gemini | am JHMM. awn JHSC | Company | ‘Admin Dashboard > wf Premium Plan Valid till 07 Jul 2026 Integrate Tally/Zoho —_—‘# Refer & Earn a B a | Dashboard Company Dashboard fominas] | Report
6303	05-IMAGES-OCR-BATCH-039.md	© Company Home + Ask Gemini | am JHMM. awn JHSC | Compan | reales Y Projects > Wf Premium Plan Valid till 7 Jul 2026 Integrate Tally/Zoho —@ Refer & Earn ya 4 | Dashboard y | Approval (Pending) © Material (Pending) @ To Do (Pending) @ Our Services
6304	05-IMAGES-OCR-BATCH-040.md	© Company Home | # Ask Gemini | aw JHMM awn JH: VLUE | Creating Project | ions Attendance Materia Tasks Phot Billing | Project Details
6305	05-IMAGES-OCR-BATCH-040.md	> Ask Gemini _ ia) x | Y © Project Setting x + | web.onsiteteams.com/c/4d6fc487-5cf8-4826-8fd3-1c1f5f1d7660/create-project | IVAL JI GRIN wm JHMM am JHSC VLUE | fy vrem JoeT [Al avsc | © Soros (2019) EEMO J PDP DWAS PIZ
6306	05-IMAGES-OCR-BATCH-040.md	© Project Setting | EB My Account | web.onsiteteams.com/c/4d6fc487-5cf8-4826-8fd3-1c1f5f1d7660/create-project | © Soros (2019) | EEMO | PDP Dwas
6307	05-IMAGES-OCR-BATCH-040.md	> Ask Gemini _ ia) x | Y © Project Setting x + | So Cc 23 web.onsiteteams.com/c/4d6fc487-5cf8-4826-8fd3-1c1f5f1d7660/create-project | IVAL (J) GRIN au JHMM wm JHSC vie [J Mrem JoeT [Al avsc | © Soros (2019) EEMO J PDP DWAS PIZ | BS Bl My Account
6308	05-IMAGES-OCR-BATCH-040.md	© Project Setting x @ Ask Gemini al a x | £3 web.onsiteteams.com/c | Project Setting | Project Details Location Structure | Yash Desai (Super Admin) Admin | e@ Not allowed
6309	05-IMAGES-OCR-BATCH-041.md	Y © Project Setting x + > Ask Gemini = a x | So Cc 23 web.onsiteteams.com/c/4d6fc487-5cf8-4826-8fd3-1c1f5f1d7660/create-project | BS Bl MyAccount © Soros (2019) Qj eemMo QMppp BB owas BRPiz Aj val [Zi GRIN wm JHMM wm JHSC vive vrem 3 JoeT [Al avsc | Add Location | Na ime
6310	05-IMAGES-OCR-BATCH-041.md	pprovals + Ask Gemini | am JHMM. awn JHSC | Compan | Ad he Y <€ Approvals > wf Premium Plan Valid till 07 Jul 2026 Integrate Tally/Zoho €@ Refer & Earn a B a | Dashboard Pending v PROJECT =v | Report Search.
6311	05-IMAGES-OCR-BATCH-041.md	Y © Company Home x + > Ask Gemini = a x | SG > © £3 web.onsiteteams.com/c/4d6fc487-Scf8-4826-8fd3-1¢1f5f1d7660/d/home bd 5 4 € S | BS Bl MyAccount © Soros (2019) QM EEMO QM ppp QM owas PIZ IVAL [JJ GRIN JHMM wm JHSC vive [J MFEm JoeT [Al avsc | x MATERIAL REQUEST | Pen | Project » © MRNumber v — MaterialName v Category v
6312	05-IMAGES-OCR-BATCH-041.md	Y © Company Home x + > Ask Gemini = a x | SG > © £3 web.onsiteteams.com/c/4d6fc487-Scf8-4826-8fd3-1¢1f5f1d7660/d/home bd 5 4 € S | BS Bl MyAccount © Soros (2019) EEMO J ppp DWAS PIZ IVAL (J) GRIN 4 JHMM. | swim JHSC vive [J MFEm JoeT [Al avsc | x MATERIAL REQUEST | Approved
6313	05-IMAGES-OCR-BATCH-041.md	Y © Company Home x + > Ask Gemini = a x | SG > © £3 web.onsiteteams.com/c/4d6fc487-Scf8-4826-8fd3-1¢1f5f1d7660/d/home bd 5 4 € S | BS Bl MyAccount © Soros (2019) EEMO J ppp DWAS PIZ IVAL (J) GRIN 4 JHMM. | swim JHSC vive [J MFEm JoeT [Al avsc | x MATERIAL REQUEST | Project » © MRNumber v — MaterialName v Category v
6314	05-IMAGES-OCR-BATCH-042.md	Y © Company Home x + > Ask Gemini = a x | SG > © £3 web.onsiteteams.com/c/4d6fc487-Scf8-4826-8fd3-1¢1f5f1d7660/d/home bd 5 4 € S | BS Bl MyAccount © Soros (2019) EEMO J ppp DWAS PIZ IVAL (J) GRIN 4 JHMM. | swim JHSC vive [J MFEm JoeT [Al avsc | x MATERIAL REQUEST | Project » © MRNumber v — MaterialName v Category v
6315	05-IMAGES-OCR-BATCH-042.md	© ToDo ¢ Ask Gemini | am JHMM. awn JHSC | Compan | reales Y ToDo > wf Premium Plan Valid till 07 Jul 2026 Integrate Tally/Zoho €@ Refer & Earn a B a | Bestest) TYPE ¥ Search Q | Report
6316	05-IMAGES-OCR-BATCH-042.md	Y © ToDo x + > Ask Gemini _ a x | So CG 2% web.onsiteteams.com/c/4d6fc487-5cf8-4826-8fd3-1c1f5f1d7660/d/todo bd 5 4 @ S | BS Bl MyAccount © Soros (2019) QM EEMO QM ppp QM owas PIZ IVAL [JJ GRIN JHMM wm JHSC vive [J MFEm JoeT [Al avsc | xX NEWTODO | DUE DATE | & 05 Jul, 2026
6317	05-IMAGES-OCR-BATCH-042.md	¢ Ask Gemini | am JHMM. awn JHSC | Compan | Ad he Y Team Schedule > wf Premium Plan Valid till 07 Jul 2026 Integrate Tally/Zoho €@ Refer & Earn a B a | Schedule Timesheet | Dashboard
6318	05-IMAGES-OCR-BATCH-042.md	¢ Ask Gemini | am JHMM. awn JHSC | Compan | Ad he Y Team Schedule > wf Premium Plan Valid till 07 Jul 2026 Integrate Tally/Zoho €@ Refer & Earn a B a | Schedule Timesheet | Dashboard
6319	05-IMAGES-OCR-BATCH-043.md	¢ Ask Gemini | am JHMM. awn JHSC | Compan | Ad he Y Team Schedule > wf Premium Plan Valid till 07 Jul 2026 Integrate Tally/Zoho €@ Refer & Earn a B a | Schedule Timesheet | Dashboard
6320	05-IMAGES-OCR-BATCH-043.md	¢ Ask Gemini | am JHMM. awn JHSC | Compan | Ad he Y Team Schedule > wf Premium Plan Valid till 07 Jul 2026 Integrate Tally/Zoho €@ Refer & Earn a B a | Schedule Timesheet | Dashboard
6321	05-IMAGES-OCR-BATCH-043.md	¢ Ask Gemini | am JHMM. awn JHSC | Compan | Ad he Y Team Schedule > wf Premium Plan Valid till 07 Jul 2026 Integrate Tally/Zoho €@ Refer & Earn a B a | Schedule Timesheet | Dashboard
6322	05-IMAGES-OCR-BATCH-043.md	¢ Ask Gemini | am JHMM. awn JHSC | Compan | Ad he Y Team Schedule > wf Premium Plan Valid till 07 Jul 2026 Integrate Tally/Zoho €@ Refer & Earn a B a | Schedule Timesheet | Dashboard
6323	05-IMAGES-OCR-BATCH-043.md	¢ Ask Gemini | web.onsite n tim bs | am JHMM. awn JHSC | Compan | Ad he Y Team Schedule > wf Premium Plan Valid till 07 Jul 2026 Integrate Tally/Zoho €@ Refer & Earn a B a | Schedule Timesheet
6324	05-IMAGES-OCR-BATCH-044.md	> Ask Gemini _ ia) x | © Timesheet x + | web.onsiteteams.com/c/4d6fc487-5cf8-4826-8fd3-1c1f5f1d7660/d/team-action/timesheet | © Soros (2019) QM eEMO EB ppp By pwas PIZ IVAL [JJ GRIN JHMM wm JHSC vive [J MFEm JoeT [Al avsc | EB My Account | NEW TIMESHEET
6325	05-IMAGES-OCR-BATCH-044.md	¢ Ask Gemini | tim * | am JHMM. awn JHSC | Compan | reales Y Team Schedule > wf Premium Plan Valid till 07 Jul 2026 Integrate Tally/Zoho €@ Refer & Earn a B a | Schedule Timesheet
6326	05-IMAGES-OCR-BATCH-044.md	© Finance ¢ Ask Gemini | am JHMM. awn JHSC | Compan . | none Y Finance > Wf Premium Plan Valid till 7 Jul 2026 Integrate Tally/Zoho —_—# Refer & Earn ya 4 | Party Transaction PaymentRequests Accounts | Dashboard
6327	05-IMAGES-OCR-BATCH-044.md	© Transaction x + > Ask Gemini = a x | @ £3 web.onsiteteams.com/c/4d6fc487-5cf8-4826-8fd3-1c1f5t1d7660/d/finance/parties x OF & | EB MyAccount © Soros (2019) QM eEMO BM Pop By pwas PIZ IVAL [JJ GRIN JHMM wm JHSC vive [J MFEm JoeT [Al avsc | x ADD PARTY Cancel | PARTY | Party Name
6328	05-IMAGES-OCR-BATCH-044.md	¢ Ask Gemini | Aran bs | am JHMM. awn JHSC | Compan . | none Y Finance > Wf Premium Plan Valid till 7 Jul 2026 Integrate Tally/Zoho —_—# Refer & Earn ya 4 | Party Transaction PaymentRequests Accounts
6329	05-IMAGES-OCR-BATCH-045.md	> Ask Gemini _ ia) x | © Add Payment x + | web.onsiteteams.com/c/4d6fc487-5cf8-4826-8fd3-1c1f51d7660/d/finance/transactions | VAL JJ GRIN am JHMM sam JHSC VLUE | EB vy Account © Soros (2019) EEMO J Ppp DWAS PIZ fy vrem JoeT [Al avsc | PAYMENT
6330	05-IMAGES-OCR-BATCH-045.md	> Ask Gemini _ ia) x | © Add Payment x + | web.onsiteteams.com/c/4d6fc487-5cf8-4826-8fd3-1c1f51d7660/d/finance/transactions | VAL JJ GRIN am JHMM sam JHSC VLUE | EB vy Account © Soros (2019) EEMO J Ppp DWAS PIZ fy vrem JoeT [Al avsc | PAYMENT
6331	05-IMAGES-OCR-BATCH-045.md	> Ask Gemini _ ia) x | © Add Payment x + | Cc £3 web.onsiteteams.com/c/4d6fc487-5cf8-4826-8fd3-1c1f5f1d7660/d/finance/transactions | EB vy Account © Soros (2019) EEMO J ppp DWAS PIZ IVAL [JJ GRIN JHMM wm JHSC vive [J MFEm JoeT [Al avsc | x DEBITNOTE cancel | + New Item
6332	05-IMAGES-OCR-BATCH-045.md	> Ask Gemini _ ia) x | © Add Payment x + | web.onsiteteams.com/c/4d6fc487-5cf8-4826-8fd3-1c1f51d7660/d/finance/transactions | VAL JJ GRIN am JHMM sam JHSC VLUE | fy vrem JoeT [Al avsc | EB vy Account © Soros (2019) EEMO J ppp DWAS PIZ
6333	05-IMAGES-OCR-BATCH-045.md	> Ask Gemini _ ia) x | © Add Payment x + | web.onsiteteams.com/c/4d6fc487-5cf8-4826-8fd3-1c1f51d7660/d/finance/transactions | VAL JJ GRIN am JHMM sam JHSC VLUE | fy vrem JoeT [Al avsc | EB vy Account © Soros (2019) EEMO J ppp DWAS PIZ
6334	05-IMAGES-OCR-BATCH-046.md	> Ask Gemini _ ia) x | © Add Payment x + | web.onsiteteams.com/c/4d6fc487-5cf8-4826-8fd3-1c1f51d7660/d/finance/transactions | VAL JJ GRIN am JHMM sam JHSC VLUE | fy vrem JoeT [Al avsc | EB vy Account © Soros (2019) EEMO J ppp DWAS PIZ
6335	05-IMAGES-OCR-BATCH-046.md	> Ask Gemini _ ia) x | © Add Payment x + | web.onsiteteams.com/c/4d6fc487-5cf8-4826-8fd3-1c1f51d7660/d/finance/transactions | VAL JJ GRIN am JHMM sam JHSC VLUE | fy vrem JoeT [Al avsc | EB vy Account © Soros (2019) EEMO J ppp DWAS PIZ
6336	05-IMAGES-OCR-BATCH-046.md	> Ask Gemini _ ia) x | © Add Payment x + | web.onsiteteams.com/c/4d6fc487-5cf8-4826-8fd3-1c1f51d7660/d/finance/transactions | VAL JJ GRIN am JHMM sam JHSC VLUE | fy vrem JoeT [Al avsc | EB vy Account © Soros (2019) EEMO J ppp DWAS PIZ
6337	05-IMAGES-OCR-BATCH-046.md	> Ask Gemini _ ia) x | © Add Payment x + | web.onsiteteams.com/c/4d6fc487-5cf8-4826-8fd3-1c1f5f1d7660/d/finance/transactions * o & i | BM cevo B§pop B§owas B¥ pz IVAL (J) GRIN 4 JHMM | swim JHSC vive [J MFEm JoeT [Al avsc | EB vy Account © Soros (2019)
6338	05-IMAGES-OCR-BATCH-046.md	> Ask Gemini _ ia) x | © Add Payment x + | web.onsiteteams.com/c/4d6fc487-5cf8-4826-8fd3-1c1f5f1d7660/d/finance/transactions * o & i | BM cevo B§pop B§owas B¥ pz IVAL (J) GRIN 4 JHMM | swim JHSC vive [J MFEm JoeT [Al avsc | EB vy Account © Soros (2019)
6339	05-IMAGES-OCR-BATCH-047.md	> Ask Gemini _ ia) x | © Add Payment x + | web.onsiteteams.com/c/4d6fc487-5cf8-4826-8fd3-1c1f5f1d7660/d/finance/transactions * o & i | BM cevo B§pop B§owas B¥ pz IVAL (J) GRIN 4 JHMM | swim JHSC vive [J MFEm JoeT [Al avsc | EB vy Account © Soros (2019)
6340	05-IMAGES-OCR-BATCH-047.md	© Add Payment x + > Ask Gemini = a x | web.onsiteteams.com/c/4d6fc487-5cf8-4826-8fd3-1c1f5f1d7660/d/finance/transactions bd 5 ¥, | EB MyAccount © Soros (2019) QM eeEMO EB ppp BYowas BM ePiz IVAL [JJ GRIN JHMM wm JHSC vive [J MFEm JoeT [Al avsc | X ADD PAYMENT | © How to import Excel/CSV in Onsite: | 1. Remove any unnecessary header rows from the Excel file.
6341	05-IMAGES-OCR-BATCH-047.md	Yv — @ Add Payment x + > Ask Gemini al a x | € CG &%_-web.onsiteteams.com/c/4d6fc487-5cf8-4826-8fd3-1c1f5f1d7660/d/finance/transactions * o 4 | BS Bl MyAccount © Soros (2019) BM eemMo QMppp BY owas By Piz IVAL (J) GRIN am JHMM sae JHSC vue [J wrem JoeT [Al avsc | SALES INVOICE | % NeruL & | Item Level Tax
6342	05-IMAGES-OCR-BATCH-047.md	Yv — @ Add Payment x + | +> Ask Gemini - ag xX | € G &% _web.onsiteteams.com/c/4d6fc487-5cf8-4826-8fd3-1c1f5f1d7660/d/finance/transactions * o 4 | BS Bl MyAccount © Soros (2019) EEMO PDP Dwas PIZ IVAL (J) GRIN am JHMM sae JHSC VLUE MFEM JoeT [Al avsc | SALES INVOICE | % NeruL &
6343	05-IMAGES-OCR-BATCH-047.md	Y @ Add Payment x + | web.onsiteteams.com/c/4d6fc487-5cf8-4826-8fd3-1c1f5f1d7660/d/finance/transactions | VAL [JJ GRIN sm JHMM am JHSC VLUE | MFEM 3 JOET [Al] AVSC | BS = Bl MyAccount © Soros (2019) [J eEMO BM ppp Bowas B® Piz | < DEDUCTION
6344	05-IMAGES-OCR-BATCH-048.md	Y @ Add Payment x + > Ask Gemini = a x | € CG 83 web.onsiteteams.com/c/4d6fc487-5cf8-4826-8fd3-11f5f1d7660/d/finance/transactions x OF Ss | BS Bl MyAccount © Soros (2019) cEMO Qj pop J pwas PIZ IVAL (J) GRIN au JHMM wm JHSC VLUE MFEM 3 JOET {Aj AVSC | XX NEW RETENTION
6345	05-IMAGES-OCR-BATCH-048.md	Y @ Add Payment x + > Ask Gemini = a x | So Cc 23 _web.onsiteteams.com/c/4d6fc487-5cf8-4826-8fd3-1c1f5f1d7660/d/finance/transactions bd 5 & wii | BS Bl MyAccount © Soros (2019) Qj eemMo QM ppp BY owas By Piz IVAL (J) GRIN au JHMM wm JHSC vue [J Mrem = 3 JoeT [A Avsc | X_ RETENTION | Items + Add Retentions | No Retention Found
6346	05-IMAGES-OCR-BATCH-048.md	Y © Add Material x + > Ask Gemini - a x | € CG &%_-web.onsiteteams.com/c/4d6fc487-5cf8-4826-8fd3-1c1f5f1d7660/d/finance/transactions * o 4 | BS Bl MyAccount © Soros (2019) BM eemMo QMppp BY owas By Piz IVAL (J) GRIN am JHMM sae JHSC vue [J wrem JoeT [Al avsc | MATERIAL SALES | % NeruL & | Client 05 Jul, 2026
6347	05-IMAGES-OCR-BATCH-048.md	Y © Add Material x + > Ask Gemini = a x | So Cc 23 _web.onsiteteams.com/c/4d6fc487-5cf8-4826-8fd3-1c1f5f1d7660/d/finance/transactions bd 5 & wii | BS Bl MyAccount © Soros (2019) Qj eemMo QM ppp BY owas By Piz IVAL (J) GRIN au JHMM wm JHSC vue [J Mrem = 3 JoeT [A Avsc | X MATERIALS INVENTORY | Selected Materials (0)
6348	05-IMAGES-OCR-BATCH-048.md	© Add Material | EB My Account | web.onsiteteams.com/c/4d6fc487-5cf8-4826-8fd3-1c1f51d7660/d/finance/transactions | © Soros (2019) | EEMO J ppp | DWAS PIZ
6349	05-IMAGES-OCR-BATCH-049.md	Y © Add Material x + > Ask Gemini - a x | € ie) web.onsiteteams.com/c/4d6fc487-5cf8-4826-8fd3-1c1f5f1d7660/d/finance/transactions * o & | BS Bl MyAccount © Soros (2019) BM eemMo QMppp BY owas By Piz IVAL (J) GRIN am JHMM sae JHSC vue [J wrem JoeT [Al avsc | MATERIAL PURCHASE | % Nerut | Additional Charges
6350	05-IMAGES-OCR-BATCH-049.md	© Add Material x + > Ask Gemini = a x | Cc £3 web.onsiteteams.com/c/4d6fc487-5cf8-4826-8fd3-1c1f5f1d7660/d/finance/transactions * o 4 @ | EB MyAccount © Soros (2019) QM eEMO BM Pop By pwas PIZ IVAL [JJ GRIN JHMM wm JHSC vive [J MFEm JoeT [Al avsc | MATERIAL PURCHASE | % Nerut | Total Amount
6351	05-IMAGES-OCR-BATCH-049.md	Y © Add Material x + > Ask Gemini - a x | € ie) web.onsiteteams.com/c/4d6fc487-5cf8-4826-8fd3-1c1f5f1d7660/d/finance/transactions * o & | BS Bl MyAccount © Soros (2019) BM eemMo QMppp BY owas By Piz IVAL (J) GRIN am JHMM sae JHSC vue [J wrem JoeT [Al avsc | MATERIAL RETURN | % Nerut | Invoice No.
6352	05-IMAGES-OCR-BATCH-049.md	Y © Add Material x + > Ask Gemini - a x | € CG &%_-web.onsiteteams.com/c/4d6fc487-5cf8-4826-8fd3-1c1f5f1d7660/d/finance/transactions x o 4 & | BS Bl MyAccount © Soros (2019) BM eemMo QMppp BY owas By Piz IVAL (J) GRIN am JHMM sae JHSC vue [J wrem JoeT [Al avsc | MATERIAL RETURN | NERUL | + Add Materials
6353	05-IMAGES-OCR-BATCH-049.md	© Add Material x + > Ask Gemini | Cc £3 web.onsiteteams.com/c/4d6fc487-5cf8-4826-8fd3-1c1f5f1d7660/d/finance/transactions bd 5 4 € 3 | EB vy Account © Soros (2019) EEMO J ppp DWAS PIZ IVAL [JJ GRIN JHMM wm JHSC vive [J MFEm JoeT [Al avsc | MATERIAL SALES 8 | % NeruL | 05 Jul, 2026
6354	05-IMAGES-OCR-BATCH-050.md	Y © Add Material x + > Ask Gemini - a x | € CG &%_-web.onsiteteams.com/c/4d6fc487-5cf8-4826-8fd3-1c1f5f1d7660/d/finance/transactions x o 4 & | BS Bl MyAccount © Soros (2019) BM eemMo QMppp BY owas By Piz IVAL (J) GRIN am JHMM sae JHSC vue [J wrem JoeT [Al avsc | MATERIAL PURCHASE | % Nerut | Purchase Invoice Date
6355	05-IMAGES-OCR-BATCH-050.md	© Add Material x + > Ask Gemini = a x | Cc £3 web.onsiteteams.com/c/4d6fc487-5cf8-4826-8fd3-1c1f5f1d7660/d/finance/transactions * o 4 @ | EB MyAccount © Soros (2019) QM eEMO BM Pop By pwas PIZ IVAL [JJ GRIN JHMM wm JHSC vive [J MFEm JoeT [Al avsc | MATERIAL PURCHASE | % Nerut | Total Amount
6356	05-IMAGES-OCR-BATCH-050.md	Y © Add Material x + > Ask Gemini - a x | € CG &%_-web.onsiteteams.com/c/4d6fc487-5cf8-4826-8fd3-1c1f5f1d7660/d/finance/transactions x o 4 & | BS Bl MyAccount © Soros (2019) BM eemMo QMppp BY owas By Piz IVAL (J) GRIN am JHMM sae JHSC vue [J wrem JoeT [Al avsc | MATERIAL PURCHASE | % Nerut | Purchase Invoice Date
6357	05-IMAGES-OCR-BATCH-050.md	© Add Material x + > Ask Gemini = a x | Cc £3 web.onsiteteams.com/c/4d6fc487-5cf8-4826-8fd3-1c1f5f1d7660/d/finance/transactions * o 4 @ | EB MyAccount © Soros (2019) QM eEMO BM Pop By pwas PIZ IVAL [JJ GRIN JHMM wm JHSC vive [J MFEm JoeT [Al avsc | MATERIAL PURCHASE | % Nerut | Total Amount
6358	05-IMAGES-OCR-BATCH-050.md	Y © Add Material x + > Ask Gemini - a x | € ie) web.onsiteteams.com/c/4d6fc487-5cf8-4826-8fd3-1c1f5f1d7660/d/finance/transactions * o & | BS Bl MyAccount © Soros (2019) BM eemMo QMppp BY owas By Piz IVAL (J) GRIN am JHMM sae JHSC vue [J wrem JoeT [Al avsc | MATERIAL RETURN | % Nerut | Invoice No.
6359	05-IMAGES-OCR-BATCH-051.md	Y © Add Material Transfer x + | > Ask Gemini - ag xX | € CG &%_-web.onsiteteams.com/c/4d6fc487-5cf8-4826-8fd3-1c1f5f1d7660/d/finance/transactions x o 4 & | BS Bl MyAccount © Soros (2019) EEMO PDP Dwas PIZ IVAL (J) GRIN am JHMM sae JHSC VLUE MFEM JoeT [Al avsc | MATERIAL TRANSFER | NERUL
6360	05-IMAGES-OCR-BATCH-051.md	> Ask Gemini _ ia) x | © Add Material Transfer x + | Cc £3 web.onsiteteams.com/c/4d6fc487-5cf8-4826-8fd3-1c1f5f1d7660/d/finance/transactions bd 5 4 € S | EB vy Account © Soros (2019) EEMO J ppp DWAS PIZ IVAL [JJ GRIN JHMM wm JHSC vive [J MFEm JoeT [Al avsc | MATERIAL TRANSFER | % Nerut
6361	05-IMAGES-OCR-BATCH-051.md	Y © Add Material Transfer x + > Ask Gemini - a x | So Cc £3 web.onsiteteams.com/c/4d6fc487-5cf8-4826-8fd3-1c1f5f1d7660/d/finance/transactions bd 5 4 € S | BS Bl MyAccount © Soros (2019) QM EEMO QM ppp QM owas PIZ IVAL [JJ GRIN JHMM wm JHSC vive [J MFEm JoeT [Al avsc | Work Order Create Work Order | Nerul | Q earch
6362	05-IMAGES-OCR-BATCH-051.md	Y © Add Material Transfer x + > Ask Gemini = a x | So Cc 23 _web.onsiteteams.com/c/4d6fc487-5cf8-4826-8fd3-1c1f5f1d7660/d/finance/transactions bd o S wi | BS Bl MyAccount © Soros (2019) Qj eemMo QM ppp BY owas By Piz IVAL J) GRIN wm JHMM aa JHSC vue [J wrem | Sub-Con Workorder | Attach M | Create Workorder
6363	05-IMAGES-OCR-BATCH-051.md	Y © Add Material Transfer x + > Ask Gemini = a x | So Cc 23 _web.onsiteteams.com/c/4d6fc487-5cf8-4826-8fd3-1c1f5f1d7660/d/finance/transactions bd 5 & ew i | BS Bl MyAccount © Soros (2019) Qj eemMo QM ppp BY owas By Piz IVAL (J) GRIN au JHMM wm JHSC vive [ MFEM 3 JoET [Al Avsc | Sub-Con Workorder | + Create Party
6364	05-IMAGES-OCR-BATCH-052.md	Y © Add Material Transfer x + > Ask Gemini = a x | <€ CG 2% _web.onsiteteams.com/c/4d6fc487-5cf8-4826-8fd3-1c1f5f1d7660/d/finance/transactions * o & wi | BS Bl MyAccount © Soros (2019) Qj eemMo QM ppp BY owas By Piz IVAL (J) GRIN au JHMM wm JHSC vue [J Mrem = 3 JoeT [A Avsc | Subcon Terms & Conditions
6365	05-IMAGES-OCR-BATCH-052.md	© Add Material Transfer x + | web.onsiteteams.com/c/4d6fc487-5cf8-4826-8fd3-1c1f5f1d7660/d/finance/transactions | VAL [JJ GRIN sm JHMM am JHSC VLUE | MFEM 3 JOET [Al] AVSC | EB vy Account © Soros(2019) QM cemo BM pop BR owas BR eiz | x ADD PARTY
6366	05-IMAGES-OCR-BATCH-052.md	> Ask Gemini _ ia) x | © Other Expense x + | web.onsiteteams.com/c/4d6fc487-5cf8-4826-8fd3-1c1f51d7660/d/finance/transactions | VAL JJ GRIN am JHMM sam JHSC VLUE | fy vrem JoeT [Al avsc | EB vy Account © Soros (2019) EEMO J ppp DWAS PIZ
6367	05-IMAGES-OCR-BATCH-052.md	> Ask Gemini _ ia) x | © Other Expense x + | Cc £3 web.onsiteteams.com/c/4d6fc487-5cf8-4826-8fd3-1c1f5f1d7660/d/finance/transactions bd 5 4 € S | EB vy Account © Soros (2019) EEMO J ppp DWAS PIZ IVAL [JJ GRIN JHMM wm JHSC vive [J MFEm JoeT [Al avsc | ADD EXPENSE | NERUL
6368	05-IMAGES-OCR-BATCH-052.md	> Ask Gemini _ ia) x | © Other Expense x + | Cc £3 web.onsiteteams.com/c/4d6fc487-5cf8-4826-8fd3-1c1f5f1d7660/d/finance/transactions bd 5 4 € S | EB vy Account © Soros (2019) EEMO J ppp DWAS PIZ IVAL [JJ GRIN JHMM wm JHSC vive [J MFEm JoeT [Al avsc | ADD EXPENSE | % Nerut
6369	05-IMAGES-OCR-BATCH-053.md	© Equipment Expense x + > Ask Gemini = a x | G 2% web.onsiteteams.com/c/4d6fc487-5cf8-4826-8fd3-1c1f5f1d7660/d/finance/transactions bs o 4 @ S | EB MyAccount © Soros (2019) QM eEMO BM Pop By pwas PIZ IVAL [JJ GRIN JHMM wm JHSC vive [J MFEm JoeT [Al avsc | ADD EQUIPMENT EXPENSE | NERUL | Equipment Expense
6370	05-IMAGES-OCR-BATCH-053.md	¥ © Equipment Expense x + | > Ask Gemini - ag xX | € ie) web.onsiteteams.com/c/4d6fc487-5cf8-4826-8fd3-1c1f5f1d7660/d/finance/transactions * o & | BS Bi MyAccount © Soros (2019) J EEMO Pop QM owas gy piz IVAL (J) GRIN am JHMM sae JHSC VLUE MFEM JoeT [Al avsc | ADD EQUIPMENT EXPENSE | NERUL
6371	05-IMAGES-OCR-BATCH-053.md	© Equipment Expense x + > Ask Gemini = a x | G 2% web.onsiteteams.com/c/4d6fc487-5cf8-4826-8fd3-1c1f5f1d7660/d/finance/transactions bs o 4 @ S | EB MyAccount © Soros (2019) QM eEMO BM Pop By pwas PIZ IVAL [JJ GRIN JHMM wm JHSC vive [J MFEm JoeT [Al avsc | ADD EQUIPMENT EXPENSE | NERUL | + Deduction
6372	05-IMAGES-OCR-BATCH-053.md	> Ask Gemini _ ia) x | © Other Expense x + | web.onsiteteams.com/c/4d6fc487-5cf8-4826-8fd3-1c1f51d7660/d/finance/transactions | VAL JJ GRIN am JHMM sam JHSC VLUE | fy vrem JoeT [Al avsc | EB vy Account © Soros (2019) EEMO J ppp DWAS PIZ
6373	05-IMAGES-OCR-BATCH-053.md	© Other Expense x + > Ask Gemini = a x | G 2% web.onsiteteams.com/c/4d6fc487-5cf8-4826-8fd3-1c1f5f1d7660/d/finance/transactions bs o 4 @ S | EB MyAccount © Soros (2019) QM eEMO BM Pop By pwas PIZ IVAL [JJ GRIN JHMM wm JHSC vive [J MFEm JoeT [Al avsc | ADD EXPENSE | % Nerut | Sub Total
6374	05-IMAGES-OCR-BATCH-054.md	> Ask Gemini _ ia) x | © Other Expense x + | Cc £3 web.onsiteteams.com/c/4d6fc487-5cf8-4826-8fd3-1c1f5f1d7660/d/finance/transactions bd 5 4 € S | EB vy Account © Soros (2019) EEMO J ppp DWAS PIZ IVAL [JJ GRIN JHMM wm JHSC vive [J MFEm JoeT [Al avsc | ADD EXPENSE | % Nerut
6375	05-IMAGES-OCR-BATCH-054.md	¢ Ask Gemini | am JHMM. awn JHSC | Compan . | Ad as Y Finance > Wf Premium Plan Valid till 7 Jul 2026 Integrate Tally/Zoho —_—# Refer & Earn ya 4 | Party Transaction Payment Requests Accounts | Dashboard
6376	05-IMAGES-OCR-BATCH-054.md	Y © Transaction x + > Ask Gemini - a x | € CG 23 web.onsiteteams.com/c/4d6fc487-5cf8-4826-8fd3-11f5f1d7660/d/finance/payment-requests *x Log: | BS Bl MyAccount © Soros (2019) Qj eemMo QM ppp BY owas By Piz IVAL [JJ GRIN JHMM wm JHSC vive [J MFEm JoeT [Al avsc | > PAYMENT REQUEST | Amount | Due Date
6377	05-IMAGES-OCR-BATCH-054.md	Y © Transaction x + > Ask Gemini = a x | So G 2% web.onsiteteams.com/c/4d6fc487-5cf8-4826-8fd3-1c1f5f1d7660/d/finance/payment-requests | BS Bl MyAccount © Soros (2019) Qj eemMo QM ppp BY owas By Piz IVAL (J) GRIN au JHMM wm JHSC vue [J Mrem = 3 JoeT [A Avsc | PAYMENT OUT | PRESTIGE DEVELOPERS. | Payment O1 (3 2026-07-05
6378	05-IMAGES-OCR-BATCH-054.md	Y © Transaction x + | web.onsiteteams.com/c/4d6fc487-5cf8-4826-8fd3-1c1f51d7660/d/finance/payment-requests | VAL [JJ GRIN sm JHMM am JHSC VLUE | MFEM 3 JOET [Al] AVSC | BS = Bl MyAccount © Soros (2019) [J eEMO BM ppp Bowas B® Piz | PAYMENT OUT
6379	05-IMAGES-OCR-BATCH-055.md	© Transaction x + | Cc web.onsiteteams.com/c/4d6fc487-5cf8-4826-8fd3-1c1f5f1d7660/d/finance/payment-requests | EB MyAccount © Soros (2019) QM eeEMO EB ppp BYowas BM ePiz IVAL (J) GRIN au JHMM wm JHSC vue [J Mrem = 3 JoeT [A Avsc | PAYMENT OUT | PRESTIGE DEVELOPERS. | Payment Out (3 2026-07-05
6380	05-IMAGES-OCR-BATCH-055.md	¢ Ask Gemini | ints bs | am JHMM. awn JHSC | Compan . | none Y Finance > Wf Premium Plan Valid till 7 Jul 2026 Integrate Tally/Zoho —_—# Refer & Earn ya 4 | Party Transaction Payment Requests Accounts
6381	05-IMAGES-OCR-BATCH-055.md	> Ask Gemini _ ia) x | Y © Transaction x + | web.onsiteteams.com/c/4d6fc487-5cf8-4826-8fd3-1c1f5f1d7660/d/finance/accounts | BS Bl MyAccount © Soros (2019) QM EEMO QM ppp QM owas PIZ IVAL [JJ GRIN JHMM wm JHSC vive [J MFEm JoeT [Al avsc | x ADD NEW ACCOUNT | NK NAME:
6382	05-IMAGES-OCR-BATCH-055.md	> Ask Gemini _ ia) x | Y © Transaction x + | So Cc £3 web.onsiteteams.com/c/4d6fc487-5cf8-4826-8fd3-1¢1f5f1d7660/d/finance/accounts | © Soros (2019) QM eEMO EB ppp By pwas PIZ IVAL [JJ GRIN JHMM wm JHSC vive [J MFEm JoeT [Al avsc | oo EB My Account | x ADD NEW ACCOUNT
6383	05-IMAGES-OCR-BATCH-055.md	¢ Ask Gemini | am JHMM. awn JHSC | Compan . | none Y Finance > Wf Premium Plan Valid till 7 Jul 2026 Integrate Tally/Zoho —_—# Refer & Earn ya 4 | Party Transaction PaymentRequests Accounts | Dashboard
6384	05-IMAGES-OCR-BATCH-056.md	© Transaction x + > Ask Gemini = a x | CG 2% _web.onsiteteams.com/c/4d6fc487-5cf8-4826-8fd3-1c1f5f1d7660/d/finance/parties bs o 4 @ S | EB MyAccount © Soros (2019) QM eEMO BM Pop By pwas PIZ IVAL [JJ GRIN JHMM wm JHSC vive [J MFEm JoeT [Al avsc | x ADD PARTY | EMAIL | Email
6385	05-IMAGES-OCR-BATCH-056.md	¢ Ask Gemini | Aran bs | am JHMM. awn JHSC | Compan . | none Y Finance > Wf Premium Plan Valid till 7 Jul 2026 Integrate Tally/Zoho —_—# Refer & Earn ya 4 | Party Transaction PaymentRequests Accounts
6386	05-IMAGES-OCR-BATCH-056.md	> Ask Gemini _ ia) x | Y © Transaction x + | web.onsiteteams.com/c/4d6fc487-5cf8-4826-8fd3-1c1f5f1d7660/d/finance/accounts | BS Bl MyAccount © Soros (2019) QM EEMO QM ppp QM owas PIZ IVAL [JJ GRIN JHMM wm JHSC vive [J MFEm JoeT [Al avsc | x ADD NEW ACCOUNT | NK NAME:
6387	05-IMAGES-OCR-BATCH-056.md	> Ask Gemini | Y — @ Transaction x + | So Cc £3 web.onsiteteams.com/c/4d6fc487-5cf8-4826-8fd3-1¢1f5f1d7660/d/finance/accounts | © Soros (2019) QM eEMO EB ppp By pwas PIZ IVAL [JJ GRIN JHMM wm JHSC vive [J MFEm JoeT [Al avsc | oo EB My Account | x ADD NEW ACCOUNT
6388	05-IMAGES-OCR-BATCH-056.md	© Payroll + Ask Gemini | am JHMM | Compan | Ad ie y Payroll > wf Premium Plan Valid till 07 Jul 2026 Integrate Tally/Zoho €@ Refer & Earn a B a | People Attendance TeamLeaves MyLeaves Holidays | Dashboard
6389	05-IMAGES-OCR-BATCH-057.md	> Ask Gemini _ ia) x | © Payroll x + | web.onsiteteams.com/c/4d6fc487-5cf8-4826-8fd3-1c1f5f1d7660/d/payroll-attendance/people bd 5 & H | BB ccmo pop BXowas BM Piz IVAL J) GRIN wm JHMM aa JHSC vie [J Mrem JoeT [Al avsc | EB vy Account © Soros (2019) | YASH DESAI
6390	05-IMAGES-OCR-BATCH-057.md	Y © Payroll x + > Ask Gemini - a x | € CG 23. web.onsiteteams.com/c/4d6fc487-5cf8-4826-8fd3-1c1f5f1d7660/d/payroll-attendance/people x OS ww : | BS Bl MyAccount © Soros (2019) QM EEMO QM ppp QM owas PIZ IVAL [JJ GRIN JHMM wm JHSC vive [J MFEm JoeT [Al avsc | x SELECT PARTY + New Party | Search Party | yp Yash Desai
6391	05-IMAGES-OCR-BATCH-057.md	> Ask Gemini _ ia) x | © Payroll x + | web.onsiteteams.com/c/4d6fc487-5cf8-4826-8fd3-11f5f1d7660/d/payroll-attendance/people * © s | BB ccmo pop BXowas BM Piz IVAL J) GRIN wm JHMM aa JHSC vie [J Mrem JoeT [Al avsc | EB vy Account © Soros (2019) | YASH DESAI
6392	05-IMAGES-OCR-BATCH-057.md	Y © Payroll x + > Ask Gemini = a x | € CG 23. web.onsiteteams.com/c/4d6fc487-5cf8-4826-8fd3-1c1f5f1d7660/d/payroll-attendance/people * Oo st ew: | BS Bl MyAccount © Soros (2019) Qj eemMo QM ppp BY owas By Piz IVAL (J) GRIN au JHMM wm JHSC vue [J Mrem = 3 JoeT [A Avsc | x WORKFORCE LIBRARY | Add New Workforce | Select (0/0) + New Workforce
6393	05-IMAGES-OCR-BATCH-057.md	Y © Payroll x + > Ask Gemini = a x | € G23 web.onsiteteams.com/c/4d6fc487-5cf8-4826-8fd3-1c1f5f1d7660/d/payroll-attendance/people xy OO ys | BS Bl MyAccount © Soros (2019) cEMO Qj pop J pwas PIZ IVAL (J) GRIN au JHMM wm JHSC VLUE MFEM 3 JOET {Aj AVSC | XX ADD WORKFORCE | Daily v
6394	05-IMAGES-OCR-BATCH-058.md	Y © Payroll x + > Ask Gemini = a x | € G23 web.onsiteteams.com/c/4d6fc487-5cf8-4826-8fd3-1c1f5f1d7660/d/payroll-attendance/people xy OO ys | BS Bl MyAccount © Soros (2019) cEMO Qj pop J pwas PIZ IVAL (J) GRIN au JHMM wm JHSC VLUE MFEM 3 JOET {Aj AVSC | XX ADD WORKFORCE
6395	05-IMAGES-OCR-BATCH-058.md	© Payroll + Ask Gemini | am JHMM. awn JHSC | Compan | Ad ie y Payroll > wf Premium Plan Valid till 07 Jul 2026 Integrate Tally/Zoho €@ Refer & Earn a 3 | People Attendance TeamLeaves MyLeaves Holidays | Dashboard
6396	05-IMAGES-OCR-BATCH-058.md	© Payroll + Ask Gemini | am JHMM. awn JHSC | Compan | ae y Payroll > wf Premium Plan Valid till 07 Jul 2026 Integrate Tally/Zoho €@ Refer & Earn a B a | People Attendance TeamLeaves MyLeaves Holidays | Dashboard
6397	05-IMAGES-OCR-BATCH-058.md	© Payroll + Ask Gemini | web.onsiteteams.com ti n bs | EB My Account 01 BM cevo Bg pop am JHSC VLUE MFEM | Compan | ae y Payroll >» wf Premium Plan Valid till 07 Jul 2026 Integrate Tally/Zoho €@ Refer & Earn a B a | People Attendance TeamLeaves MyLeaves Holidays
6398	05-IMAGES-OCR-BATCH-058.md	© Payroll + Ask Gemini | am JHMM. awn JHSC | Compan | ae y Payroll > wf Premium Plan Valid till 07 Jul 2026 Integrate Tally/Zoho €@ Refer & Earn a B a | People Attendance TeamLeaves MyLeaves Holidays | Dashboard
6399	05-IMAGES-OCR-BATCH-059.md	Y © Payroll x + > Ask Gemini - a x | € CG &%_ web.onsiteteams.com/c/4d6fc487-5cf8-4826-8fd3-1c1f5f1d7660/d/payroll-attendance/holidays bd 5 & wi | BS Bl MyAccount © Soros (2019) Qj eemMo QMppp BB owas BRPiz Aj val [Zi GRIN wm JHMM wm JHSC vive [J MFEM JoeT [Al avsc | Add Holidays | HOLIDAY NAME | DATE
6400	05-IMAGES-OCR-BATCH-059.md	© Payroll + Ask Gemini | am JHMM. awn JHSC | Compan | ae y Payroll > wf Premium Plan Valid till 07 Jul 2026 Integrate Tally/Zoho €@ Refer & Earn a B a | People Attendance TeamLeaves MyLeaves Holidays | Dashboard
6401	05-IMAGES-OCR-BATCH-059.md	¢ Ask Gemini | am JHMM. awn JHSC | Compan | Ad ie y crm > wf Premium Plan Valid till 07 Jul 2026 Integrate Tally/Zoho €@ Refer & Earn a B a | Leads Quotation | Dashboard
6402	05-IMAGES-OCR-BATCH-059.md	© cm ¢ Ask Gemini | Compan | een enn) crm > wf Premium Plan Valid till 07 Jul 2026 Integrate Tally/Zoho €@ Refer & Earn a B a | Leads Quotation | Dashboard | Report Q Assignee Date Filter Priority v Status v Source v Category
6403	05-IMAGES-OCR-BATCH-059.md	» @cm x + > Ask Gemini _ a x | <€ CG -&3._-web.onsiteteams.com/c/4d6fc487-5cf8-4826-8fd3-1c1 f5f1d7660/d/crm/crm-lead x Oo &S wi | BS Bl MyAccount © Soros (2019) QM EEMO QM ppp QM owas PIZ IVAL [JJ GRIN JHMM wm JHSC vive [J MFEm JoeT [Al avsc | x NEW LEAD | CATEGORY | ru@oorxveoK OH e428
6404	05-IMAGES-OCR-BATCH-060.md	© cm x + > Ask Gemini = a x | CG 23. web.onsiteteams.com/c/4d6fc487-5cf8-4826-8fd3-1c15f1d7660/d/crm/crm-lead x OF & | EB MyAccount © Soros (2019) QM eEMO BM Pop By pwas PIZ IVAL [JJ GRIN JHMM wm JHSC vive [J MFEm JoeT [Al avsc | x NEW LEAD | List | Website
6405	05-IMAGES-OCR-BATCH-060.md	© cm x + > Ask Gemini = a x | web.onsiteteams.com/c/4d6fc487-5cf8-4826-8fd3-1c1f5f1d7660/d/crm/crm-lead bs o | EB MyAccount © Soros (2019) QM eeEMO EB ppp BYowas BM ePiz IVAL [JJ GRIN JHMM wm JHSC vive [J MFEm JoeT [Al avsc | x NEW LEAD | CATEGORY | PRIORITY
6406	05-IMAGES-OCR-BATCH-060.md	» @cm x + > Ask Gemini _ a x | So CG 2% web.onsiteteams.com/c/4d6fc487-5cf8-4826-8fd3-1c1f5f1d7660/d/crm/crm-lead | BS Bl MyAccount © Soros (2019) QM EEMO QM ppp QM owas PIZ IVAL [JJ GRIN JHMM wm JHSC vive [J MFEm JoeT [Al avsc | x NEW LEAD | CATEGORY | PRIORITY
6407	05-IMAGES-OCR-BATCH-060.md	© Quotation ¢ Ask Gemini | am JHMM. awn JHSC | Compan . | ae uv Quotation > wf Premium Plan Valid till 07 Jul 2026 Integrate Tally/Zoho £& Refer & Earn a B a | Leads Quotation | Dashboard
6408	05-IMAGES-OCR-BATCH-060.md	© Quotation ¢ Ask Gemini | Company | ‘Admin Quotation > wf Premium Plan Valid till 07 Jul 2026 Integrate Tally/Zoho €@ Refer & Earn a B a | Leads Quotation | Dashboard | i QI.NO. QI.Date Status
6409	05-IMAGES-OCR-BATCH-061.md	© Quotation ¢ Ask Gemini | am JHMM. awn JHSC | Compan . | Adr ie uv Quotation > wf Premium Plan Valid till 07 Jul 2026 Integrate Tally/Zoho £& Refer & Earn a B a | Leads Quotation | Dashboard
6410	05-IMAGES-OCR-BATCH-061.md	¢ Ask Gemini | am JHMM. awn JHSC | Compan . | ae y Library > wf Premium Plan Valid till 07 Jul 2026 Integrate Tally/Zoho €@ Refer & Earn a B a | Bestest) Asset Type Library © | Report Cost Code Library search Asset type Q
6411	05-IMAGES-OCR-BATCH-061.md	Y © Library x + > Ask Gemini - a x | € CG &3._web.onsiteteams.com/c/4d6fc487-5cf8-4826-8fd3-11f5f1d7660/d/library/trade?type=costcode x OS ww : | BS Bl MyAccount © Soros (2019) QM EEMO QM ppp QM owas PIZ IVAL [JJ GRIN JHMM wm JHSC vive [J MFEm JoeT [Al avsc | X ADD COST CODE | NAME | Add Cost Code
6412	05-IMAGES-OCR-BATCH-061.md	Y © Library x + > Ask Gemini - a x | <€ CG &3_-web.onsiteteams.com/c/4d6fc487-5cf8-4826-8fd3-11 f5f1d7660/d/library/deduction x Oo &S wi | BS Bl MyAccount © Soros (2019) QM EEMO QM ppp QM owas PIZ IVAL [JJ GRIN JHMM wm JHSC vive [J MFEm JoeT [Al avsc | > _ NEW DEDUCTION | ITEM NAME
6413	05-IMAGES-OCR-BATCH-061.md	Y © Library x + > Ask Gemini - a x | € CG &3._web.onsiteteams.com/c/4d6fc487-5cf8-4826-8fd3-11f5f1d7660/d/library/trade?type=costcode x OS ww : | BS Bl MyAccount © Soros (2019) QM EEMO QM ppp QM owas PIZ IVAL [JJ GRIN JHMM wm JHSC vive [J MFEm JoeT [Al avsc | X ADD COST CODE | NAME | Add Cost Code
6414	05-IMAGES-OCR-BATCH-062.md	Y © Library x + > Ask Gemini - a x | € CG 23 web.onsiteteams.com/c/4d6fc487-5cf8-4826-8fd3-1c1f5f1d7660/d/library/trade?type=material_category x OS ww : | BS Bl MyAccount © Soros (2019) QM EEMO QM ppp QM owas PIZ IVAL [JJ GRIN JHMM wm JHSC vive [J MFEm JoeT [Al avsc | X ADD MATERIAL CATEGORY | NAME | Add Material Category
6415	05-IMAGES-OCR-BATCH-062.md	> Ask Gemini _ ia) x | © Library x + | web.onsiteteams.com/c/4d6fc487-5cf8-4826-8fd3-1c1f5f1d7660/d/library/material * o & i | BM cevo B§pop B§owas B¥ pz IVAL (J) GRIN 4 JHMM | swim JHSC vive [J MFEm JoeT [Al avsc | EB vy Account © Soros (2019)
6416	05-IMAGES-OCR-BATCH-062.md	EB My Account | web.onsiteteams.com/c/4d6fc487-5cf8-4826-8fd3-1c1f5f1d7660/d/library/material | © Soros (2019) BJ eemo BM pop BR owas BR ez IVAL (J) GRIN 4 JHMM. | > Ask Gemini | vive [J MFEm JoeT [Al avsc | X NEW MATERIAL
6417	05-IMAGES-OCR-BATCH-062.md	© Library x + > Ask Gemini = a x | web.onsiteteams.com/c/4d6fc487-5cf8-4826-8fd3-1c1f5f1d7660/d/library/material x a & | EB MyAccount © Soros (2019) QM eeEMO EB ppp BYowas BM ePiz IVAL [JJ GRIN JHMM wm JHSC vive [J MFEm JoeT [Al avsc | X NEW MATERIAL | MATERIAL NAME | Material Name
6418	05-IMAGES-OCR-BATCH-062.md	© Library x + > Ask Gemini = a x | web.onsiteteams.com/c/4d6fc487-5cf8-4826-8fd3-1c1f5f1d7660/d/library/material x a & | EB MyAccount © Soros (2019) QM eeEMO EB ppp BYowas BM ePiz IVAL [JJ GRIN JHMM wm JHSC vive [J MFEm JoeT [Al avsc | X NEW MATERIAL | MATERIAL NAME | Material Name
6419	05-IMAGES-OCR-BATCH-063.md	© Library x + > Ask Gemini = a x | web.onsiteteams.com/c/4d6fc487-5cf8-4826-8fd3-1c1f5f1d7660/d/library/material x a & | EB MyAccount © Soros (2019) QM eeEMO EB ppp BYowas BM ePiz IVAL [JJ GRIN JHMM wm JHSC vive [J MFEm JoeT [Al avsc | X NEW MATERIAL | MATERIAL NAME | Material Name
6420	05-IMAGES-OCR-BATCH-063.md	EB My Account | web.onsiteteams.com/c/4d6fc487-5cf8-4826-8fd3-1c1f5f1d7660/d/library/material | © Soros (2019) BJ eemo BM pop BR owas BR ez IVAL (J) GRIN 4 JHMM. | > Ask Gemini | vive [J MFEm JoeT [Al avsc | X NEW MATERIAL
6421	05-IMAGES-OCR-BATCH-063.md	© Library x + > Ask Gemini = a x | web.onsiteteams.com/c/4d6fc487-5cf8-4826-8fd3-1c1f5f1d7660/d/library/material x a & | EB MyAccount © Soros (2019) QM eeEMO EB ppp BYowas BM ePiz IVAL [JJ GRIN JHMM wm JHSC vive [J MFEm JoeT [Al avsc | X NEW MATERIAL | MATERIAL NAME | Material Name
6422	05-IMAGES-OCR-BATCH-063.md	Y © Library x + | web.onsiteteams.com/c/4d6fc487-5cf8-4826-8fd3-1c1f5f1d7660/d/library/material | VAL [JJ GRIN sm JHMM am JHSC VLUE | © Soros (2019) EEMO J Ppp DWAS PIZ MFEM 3 JOET [Al] AVSC | oo EB My Account | X SELECT MATERIAL CATEGORY
6423	05-IMAGES-OCR-BATCH-063.md	> Ask Gemini _ ia) x | © Library x + | web.onsiteteams.com/c/4d6fc487-5cf8-4826-8fd3-1c1f5f1d7660/d/library/material bd 5 4 € S | BM cevo B§pop B§owas B¥ pz IVAL (J) GRIN 4 JHMM | swim JHSC vive [J MFEm JoeT [Al avsc | EB vy Account © Soros (2019)
6424	05-IMAGES-OCR-BATCH-064.md	© Library x + > Ask Gemini = a x | @ 83. web.onsiteteams.com/c/4d6fc487-5cf8-4826-8fd3-1c1f5f1d7660/d/library/party x OF Sb ew: | EB MyAccount © Soros (2019) QM eEMO BM Pop By pwas PIZ IVAL [JJ GRIN JHMM wm JHSC vive [J MFEm JoeT [Al avsc | x ADD PARTY | EMAIL | Email
6425	05-IMAGES-OCR-BATCH-064.md	¢ Ask Gemini | party * | am JHMM. awn JHSC | Compan . | ae y Library > wf Premium Plan Valid till 07 Jul 2026 Integrate Tally/Zoho €@ Refer & Earn a B a | Dashboard Asset Type library Party Library ©
6426	05-IMAGES-OCR-BATCH-064.md	¢ Ask Gemini | am JHMM. awn JHSC | Compan . | ae y Library > wf Premium Plan Valid till 07 Jul 2026 Integrate Tally/Zoho €@ Refer & Earn a B a | Dashboard Asset Type library Progress Library © | Cost Code Libr
6427	05-IMAGES-OCR-BATCH-064.md	¢ Ask Gemini | am JHMM. awn JHSC | Compan . | ae y Library > wf Premium Plan Valid till 07 Jul 2026 Integrate Tally/Zoho €@ Refer & Earn a B a | Dashboard Asset Type library Rate Library © | Report Cost Code Library search Q
6428	05-IMAGES-OCR-BATCH-064.md	> Ask Gemini _ ia) x | © Library x + | web.onsiteteams.com/c/4d6fc487-5cf8-4826-8fd3-1c1f5f1d7660/d/library/rate-library | VAL JJ GRIN am JHMM sam JHSC VLUE | fy vrem JoeT [Al avsc | EB vy Account © Soros (2019) EEMO J ppp DWAS PIZ
6429	05-IMAGES-OCR-BATCH-065.md	© Library x + > Ask Gemini = a x | web.onsiteteams.com/c/4d6fc487-5cf8-4826-8fd3-1c1f5f1d7660/d/library/rate-library x a & | EB MyAccount © Soros (2019) QM eeEMO EB ppp BYowas BM ePiz IVAL [JJ GRIN JHMM wm JHSC vive [J MFEm JoeT [Al avsc | X NEWITEM | ITEM NAME | Item Name
6430	05-IMAGES-OCR-BATCH-065.md	© Library x + > Ask Gemini = a x | web.onsiteteams.com/c/4d6fc487-5cf8-4826-8fd3-1c1f5f1d7660/d/library/rate-library x a & | EB MyAccount © Soros (2019) QM eeEMO EB ppp BYowas BM ePiz IVAL [JJ GRIN JHMM wm JHSC vive [J MFEm JoeT [Al avsc | X NEWITEM | ITEM NAME | Item Name
6431	05-IMAGES-OCR-BATCH-065.md	© Library x + > Ask Gemini = a x | web.onsiteteams.com/c/4d6fc487-5cf8-4826-8fd3-1c1f5f1d7660/d/library/rate-library bd 5 & H | EB MyAccount © Soros (2019) QM eeEMO EB ppp BYowas BM ePiz IVAL [JJ GRIN JHMM wm JHSC vive [J MFEm JoeT [Al avsc | X NEWITEM | ITEM NAME | Item Name
6432	05-IMAGES-OCR-BATCH-065.md	¢ Ask Gemini | am JHMM. awn JHSC | Compan . | ae y Library > wf Premium Plan Valid till 07 Jul 2026 Integrate Tally/Zoho €@ Refer & Earn a B a | Dashboard Asset Type library To-Do Library © | Cost Code Libr
6433	05-IMAGES-OCR-BATCH-065.md	¢ Ask Gemini | rkfo' bs | am JHMM. awn JHSC | Compan . | ae y Library > wf Premium Plan Valid till 07 Jul 2026 Integrate Tally/Zoho €@ Refer & Earn a B a | Dashboard Asset Type library Workforce Library ©
6434	05-IMAGES-OCR-BATCH-066.md	> Ask Gemini _ ia) x | Y © Library x + | So Cc 23 web.onsiteteams.com/c/4d6fc487-5cf8-4826-8fd3-1¢1f5f1d7660/d/library/workforce | © Soros (2019) QM eEMO EB ppp By pwas PIZ IVAL [JJ GRIN JHMM wm JHSC vive [J MFEm JoeT [Al avsc | oo EB My Account | XX ADD WORKFORCE
6435	05-IMAGES-OCR-BATCH-066.md	Y © Library x + > Ask Gemini = a x | <€ CG = &%_ web.onsiteteams.com/c/4d6fc487-5cf8-4826-8fd3-1c1f5f1d7660/d/library/workforce * o & wi | BS Bl MyAccount © Soros (2019) Qj eemMo QM ppp BY owas By Piz IVAL (J) GRIN au JHMM wm JHSC vue [J Mrem = 3 JoeT [A Avsc | X SELECT COST CODE
6436	05-IMAGES-OCR-BATCH-066.md	© Company Settin + Ask Gemini | am JHMM. awn JHSC | Compan . | Adr ie y Company Settings > wf Premium Plan Valid till 07 Jul 2026 Integrate Tally/Zoho £& Refer & Earn a B a | Dashboard Company Details Branches Business Profile | Report Roles & Access ;
6437	05-IMAGES-OCR-BATCH-066.md	© Company Settin + Ask Gemini | Compan . | aah enn) Company Settings > wf Premium Plan Valid till 07 Jul 2026 Integrate Tally/Zoho £& Refer & Earn a B a | Pocitserl Company Details Branches _ Business Profile | Report Roles & Access | Total Branches Primary Branch Other Branches
6438	05-IMAGES-OCR-BATCH-066.md	> Ask Gemini _ ia) x | Y © Company Settings x + | <€ G 2% _web.onsiteteams.com/c/4d6fc487-5cf8-4826-8fd3-1c15f1d7660/d/company-settings/company | IVAL L GRIN sam JHMM = a4™ JHSC VLUE iP} MFEM JOET (A AVSC | BS Bl MyAccount © Soros (2019) EEMO J ppp DWAS PIZ | x NEW BRANCH
6439	05-IMAGES-OCR-BATCH-067.md	© Company Settin | Company | Adm | Dashboard | Report | Project
6440	05-IMAGES-OCR-BATCH-067.md	© Company Settin | Company | Adm | Dashboard | Report | Project
6441	05-IMAGES-OCR-BATCH-067.md	© Company Settin + Ask Gemini | Compan . | ae y Company Settings > wf Premium Plan Valid till 07 Jul 2026 Integrate Tally/Zoho £& Refer & Earn a B a | Dashboard Company Team & Access Roles | Report aa | Po! Manage your Team Roles and Accesibility
6442	05-IMAGES-OCR-BATCH-067.md	© Company Settin + Ask Gemini | Compan . | ae y Company Settings > wf Premium Plan Valid till 07 Jul 2026 Integrate Tally/Zoho £& Refer & Earn a B a | Dashboard Company Team & Access Roles | Report . | Po! Add and Define Roles for your team-mates
6443	05-IMAGES-OCR-BATCH-067.md	© Company Settin + Ask Gemini | am JHMM | Compan . | Adr ie y Company Settings > wf Premium Plan Valid till 07 Jul 2026 Integrate Tally/Zoho £& Refer & Earn a B a | Dashboard Company Leave Policy HolidayCalendar —_—Salary Template | Report Roles & Access
6444	05-IMAGES-OCR-BATCH-068.md	© Company Settings x + + Ask Gemini | web.onsiteteams.com/c/Ad6f {8-4826 6 ttings/payroll | Account 01 BM cevo Bg pop Nam JHMM am JHSC VLUE MFEM | X New Leave Policy Template | Template Details | Standard Staff Policy
6445	05-IMAGES-OCR-BATCH-068.md	© Company Settin + Ask Gemini | am JHMM | a ae Company Settings | > Premium Plan Valid till 07 Jul 2026 Integrate Tally/Zoho ‘Refer & Earn ya 4 | Dashboard Company Leave Policy HolidayCalendar —Salary Template | Report Roles & Access
6446	05-IMAGES-OCR-BATCH-068.md	© Company Settin + Ask Gemini | am JHMM | Compan . | ae y Company Settings > wf Premium Plan Valid till 07 Jul 2026 Integrate Tally/Zoho £& Refer & Earn a B a | Dashboard Company Leave Policy HolidayCalendar —_Salary Template | Report Roles & Access
6447	05-IMAGES-OCR-BATCH-068.md	© Company Settings x + + Ask Gemini | web.onsiteteams.com/c/Ad6f {8-4826 6 mpany-settings/payroll | Account 01 BM cevo Bg pop (A cRIN wm JHMM am JHSC vue [J wrem | x Salary Template | New Salary Template | Monthly CTC * Monthly ~ Day Off select ~
6448	05-IMAGES-OCR-BATCH-068.md	© Company Settings x + + Ask Gemini | web.onsiteteams.com/c/Ad6f {8-4826 6 mpany-settings/payroll | Account 01 BM cevo Bg pop L JI GRIN aw JHMM aw JHSC vue [J wrem | x Salary Template | Monthly CTC * Monthly ~ Day Off select ~ | Salary Components
6449	05-IMAGES-OCR-BATCH-069.md	© Company Settin + Ask Gemini | am JHMM | Compan . | ae y Company Settings > wf Premium Plan Valid till 07 Jul 2026 Integrate Tally/Zoho £& Refer & Earn a B a | Dashboard Company Holidays & Weekoffs | One place to configure your working calendar. Tasks, Payroll, Forecasts, and date pickers all inherit from here.
6450	05-IMAGES-OCR-BATCH-069.md	© Company Settin + Ask Gemini | am JHMM | Compan . | ae y Company Settings > wf Premium Plan Valid till 07 Jul 2026 Integrate Tally/Zoho £& Refer & Earn a B a | Dashboard company | Roles & Access ic holi
6451	05-IMAGES-OCR-BATCH-069.md	© Company Settin + Ask Gemini | am JHMM | Compan . | ae y Company Settings > wf Premium Plan Valid till 07 Jul 2026 Integrate Tally/Zoho £& Refer & Earn a B a | Dashboard Company | Roles & Access i i
6452	05-IMAGES-OCR-BATCH-069.md	© Company Settin + Ask Gemini | Compan . | aah enn) Company Settings > wf Premium Plan Valid till 07 Jul 2026 Integrate Tally/Zoho £& Refer & Earn a B a | Dashboard Company Entry Controls Progress Controls Finance Controls Material Controls | Report Roles & Access | Back Dated Entry Control
6453	05-IMAGES-OCR-BATCH-069.md	© Company Settin + Ask Gemini | Compan . | aah enn) Company Settings > wf Premium Plan Valid till 07 Jul 2026 Integrate Tally/Zoho £& Refer & Earn a B a | Dashboard Company Entry Controls Progress Controls Finance Controls Material Controls | Report Roles & Access | Restrict Progress Beyond Estimate
6454	05-IMAGES-OCR-BATCH-070.md	© Company Settin + Ask Gemini | am JHMM. awn JHSC | Compan . | Adr ie y Company Settings > wf Premium Plan Valid till 07 Jul 2026 Integrate Tally/Zoho £& Refer & Earn a B a | Dashboard Company Entry Controls Progress Controls Finance Controls Material Controls | Report Roles & Access
6455	05-IMAGES-OCR-BATCH-070.md	© Company Settin + Ask Gemini | Company | Aone Company Settings > wf Premium Plan Valid till 07 Jul 2026 Integrate Tally/Zoho £& Refer & Earn a B a | Dashboard Company Entry Controls Progress Controls Finance Controls Material Controls | Report Roles & Access | Negative Material Stock Restrictions
6456	05-IMAGES-OCR-BATCH-070.md	© Company Settin | Company | Adm | Dashboard | Report | Project
6457	05-IMAGES-OCR-BATCH-070.md	© Company Settin + Ask Gemini | am JHMM. awn JHSC | Compan . | ae y Company Settings > wf Premium Plan Valid till 07 Jul 2026 Integrate Tally/Zoho £& Refer & Earn a B a | Dashboard Company PDF Template Terms & Conditions Number Format Custom Fields | Report Roles & Access |
6458	05-IMAGES-OCR-BATCH-070.md	© Company Settin | Company | Adm | Dashboard | Report | Project
6459	05-IMAGES-OCR-BATCH-071.md	© Company Settin + Ask Gemini | am JHMM. awn JHSC | Compan . | ae y Company Settings > wf Premium Plan Valid till 07 Jul 2026 Integrate Tally/Zoho £& Refer & Earn a B a | Dashboard Company PDF Template Terms & Conditions Number Format Custom Fields | Report Roles & Access . .
6460	05-IMAGES-OCR-BATCH-071.md	© Company Settin + Ask Gemini | am JHMM. awn JHSC | Compan . | ae y Company Settings > wf Premium Plan Valid till 07 Jul 2026 Integrate Tally/Zoho £& Refer & Earn a B a | Dashboard Company PDF Template Terms & Conditions Number Format Custom Fields | Report Roles & Access
6461	05-IMAGES-OCR-BATCH-071.md	© Company Settin + Ask Gemini | Compan . | ae y Company Settings > wf Premium Plan Valid till 07 Jul 2026 Integrate Tally/Zoho £& Refer & Earn a B a | Company | Dashboard Approval for Asset Transfer | Report Roles & Access
6462	05-IMAGES-OCR-BATCH-071.md	© Company Settin + Ask Gemini | Compan . | ae y Company Settings > wf Premium Plan Valid till 07 Jul 2026 Integrate Tally/Zoho £& Refer & Earn a B a | Compan' | Dashboard pany Approval for Asset Transfer | Report Roles & Access
6463	05-IMAGES-OCR-BATCH-071.md	© Company Settin + Ask Gemini | Compan . | ae y Company Settings > wf Premium Plan Valid till 07 Jul 2026 Integrate Tally/Zoho £& Refer & Earn a B a | Company . . | Dashboard Approval for Design Version | Report Roles & Access
6464	05-IMAGES-OCR-BATCH-072.md	© Company Settings x + ¢ Ask Gemini | > ¢ web.onsiteteams.com/c/4d6fc487-5cf8-4826-8fd3-1c1 f5f1d7660/d/company-settings/multilevel-approval * O | EB vy Account © Soros(2019) QM eemo B§pop BR owas BRPiz val (GRIN wm JHMM am JHSC VLUE MFEM 3€ JOET [A Avsc | Company | Admi | Company Settings > wf Premium Plan Valid till 07 Jul 2026 Integrate Tally/Zoho & Refer & Earn yay 3
6465	05-IMAGES-OCR-BATCH-072.md	© Company Settin + Ask Gemini | Compan . | ae y Company Settings > wf Premium Plan Valid till 07 Jul 2026 Integrate Tally/Zoho £& Refer & Earn a B a | Dashboard Company Approval for Equipment Expense | Report Roles & Access | Asset Transfer Min Amount:1 Max Amount: 1 3
6466	05-IMAGES-OCR-BATCH-072.md	© Company Settin + Ask Gemini | Compan . | ae y Company Settings > wf Premium Plan Valid till 07 Jul 2026 Integrate Tally/Zoho £& Refer & Earn a B a | Compan’ . | Dashboard Pany Approval for GRN Material | Report Roles & Access
6467	05-IMAGES-OCR-BATCH-072.md	© Company Settin | Company | Admin | Dashboard | Report | Project
6468	05-IMAGES-OCR-BATCH-072.md	© Company Settin + Ask Gemini | am JHMM. awn JHSC | Compan . | ae y Company Settings > wf Premium Plan Valid till 07 Jul 2026 Integrate Tally/Zoho £& Refer & Earn a B a | Dashboard Company Company Subscription Details | Manage your subse plan and billing c
6469	05-IMAGES-OCR-BATCH-073.md	© Services | Company | Admin | Dashboard | Report | Project
6470	05-IMAGES-OCR-BATCH-073.md	© Services ng + Ask Gemini | EB vy Accou s (2019 v IV am JHMM. awn JHSC | Company | ‘Admin Services > Wf Premium Plan Valid till 07 Jul 2026 Integrate Tally/Zoho —_—‘ Refer & Earn ya 4 | customizations. Our team will Accommodation + Taxes Rs 5000 Annual Maintenance + Rs 5000 Annual Maintenance + | Dashboard review your needs and schedule Taxes Taxes
6471	05-IMAGES-OCR-BATCH-073.md	Zoho Forms | Onsite Customisation Request Form | Kindly note that Customisation Requests could be chargeable at additional cost | from the subscription cost. Once you fill the form, our product team will connect | with you and finalise the timeline & the cost for the requests you have raised | Your Name *
6472	05-IMAGES-OCR-BATCH-073.md	© Help Page x + ¢ Ask Gemini | web.onsiteteams.com, | 19) EB eemo BM pop Z av am JHMM. awn JHSC VLUE | Company | aw v Help Page > Premium Plan Valid till 07 Jul 2026 Integrate Tally/Zoho ‘Refer & Earn ya 4 | Dashboard
6473	05-IMAGES-OCR-BATCH-073.md	x + ¢ Ask Gemini | EB vy Accou s (2019 v IV am JHMM. awn JHSC | Compan | ae y Help Page > wf Premium Plan Valid till 07 Jul 2026 Integrate Tally/Zoho €@ Refer & Earn a B a | vigueyv TULOTIUIS | Dashboard
6474	05-IMAGES-OCR-BATCH-074.md	x + ¢ Ask Gemini | EB vy Accou s (2019 v IV am JHMM. awn JHSC | fer | aan Help Page > wf Premium Plan Valid till 07 Jul 2026 Integrate Tally/Zoho €@ Refer & Earn a B a | Dashboard FAQ Articles | Report
6475	05-IMAGES-OCR-BATCH-074.md	x + ¢ Ask Gemini | EB vy Accou s (2019 v IV am JHMM. awn JHSC | ey Help Page > wf Premium Plan Valid till 07 Jul 2026 Integrate Tally/Zoho ‘Refer & Earn ya 4 | Dashboard . | How to add team members to a project ? > | Report
6476	05-IMAGES-OCR-BATCH-074.md	x + ¢ Ask Gemini | EB vy Accou s (2019 v IV am JHMM. awn JHSC | fer | ey Help Page > wf Premium Plan Valid till 07 Jul 2026 Integrate Tally/Zoho ‘Refer & Earn ya 4 | Dashboard How to add team members to a project ? > | Report
6477	05-IMAGES-OCR-BATCH-074.md	icy | Company | Admin | Dashboard | Report | Project
6478	05-IMAGES-OCR-BATCH-074.md	x + ¢ Ask Gemini | EB vy Accou s (2019 v IV am JHMM. awn JHSC | Saulsay Help Page > wf Premium Plan Valid till 07 Jul 2026 Integrate Tally/Zoho £8 Refer & Earn a B a | Dashboard | Report How to add team members to a project ? > | Project
6479	05-IMAGES-OCR-BATCH-075.md	© Help Page x + | Cc web.onsiteteams.com/c/4d6fc487-5cf8-4826-8fd3-1c1f5f1d7660/d/help | EB vy Account © Soros (2019) cEMO Qj pop J pwas IVAL J] GRIN sm JHMM am JHSC VLUE MFEM JoeT [Al avsc | Company | re Help Page > [A] View Plans Premium Plan Valid till 07 Jul 2026 fh Integrate Tally/Zoho _—@ Refer & Earn aA | Dashboard
6480	05-IMAGES-OCR-BATCH-075.md	Y © Help Page x + > Ask Gemini | So Cc “s_web.onsiteteams.com/c/4d6fc487-5cf8-4826-8fd3-1c1f5f1d7660/d/help x | EB My Account © Soros (2019) EMO J POP Dwas PIZ VAL JJ GRIN a JHMM a4 JHSC VLUE MFEM 3 JOET [Al AVSC | Compan | Sy Help Page > [A] View Plans Premium Plan Valid till 07 Jul 2026 fh Integrate Tally/Zoho _—@ Refer & Earn aA | Tutorial Video ~
6481	05-IMAGES-OCR-BATCH-075.md	© Help Page x + | Cc web.onsiteteams.com/c/4d6fc487-5cf8-4826-8fd3-1c1f5f1d7660/d/help | EB vy Account © Soros (2019) cEMO Qj pop J pwas PIZ IVAL [JJ GRIN 4m JHMM wm JHSC VLUE MFEM JoeT [Al avsc | Compan | re pal Help Page > [A] View Plans Premium Plan Valid till 07 Jul 2026 fh Integrate Tally/Zoho _—@ Refer & Earn aA | Dashboard
6482	05-IMAGES-OCR-BATCH-075.md	¢ Ask Gemini | web.onsite n bs | am JHMM. awn JHSC | Compan | Ad ie y Deleted Logs > wf Premium Plan Valid till 07 Jul 2026 Integrate Tally/Zoho €@ Refer & Earn a B a | Dashboard Recent Deleted Items
6483	05-IMAGES-OCR-BATCH-075.md	¢ Ask Gemini | am JHMM. awn JHSC | Compan | ae y MOM > wf Premium Plan Valid till 07 Jul 2026 Integrate Tally/Zoho €@ Refer & Earn a B a | Dashboard Q Date Filter Attendee ~ Project v | Report
6484	05-IMAGES-OCR-BATCH-076.md	» © mom x + > Ask Gemini _ a x | So G 2% web.onsiteteams.com/c/4d6fc487-5cf8-4826-8fd3-1c1f5f1d7660/d/mom | BS Bl MyAccount © Soros (2019) QM EEMO QM ppp QM owas PIZ IVAL [JJ GRIN JHMM wm JHSC vive [J MFEm JoeT [Al avsc | xX NEWMOM | ATTENDEE | Attach Media (qd
6485	05-IMAGES-OCR-BATCH-076.md	© ToDo ¢ Ask Gemini | am JHMM. awn JHSC | Compan | ae y ToDo > wf Premium Plan Valid till 07 Jul 2026 Integrate Tally/Zoho €@ Refer & Earn a B a | Bestest) TYPE ¥ Search Q | Report
6486	05-IMAGES-OCR-BATCH-076.md	¢ Ask Gemini | am JHMM. awn JHSC | Company . | ae y Chat Group (Beta Version) > wf Premium Plan Valid till 07 Jul 2026 Integrate Tally/Zoho ‘Refer & Earn ya 4 | Dashboard | Recent Chats Ss) Onsite Announcements
6487	05-IMAGES-OCR-BATCH-076.md	Y © Chat Group (Beta Version) x + > Ask Gemini = a x | So CG 2% web.onsiteteams.com/c/4d6fc487-5cf8-4826-8fd3-1c1f5f1d7660/d/channels | BS Bl MyAccount © Soros (2019) Qj eemMo QMppp BB owas BRPiz Aj val [Zi GRIN wm JHMM wm JHSC vive [J MFEM JoeT [Al avsc | Create Group | Select Group Image
6488	05-IMAGES-OCR-BATCH-076.md	© Company Home + Ask Gemini | am JHMM. awn JHSC | Compan . | ae y Projects > wf Premium Plan Valid till 07 Jul 2026 Integrate Tally/Zoho £& Refer & Earn a B a | Report By | Approval (Pending) © Material (Pending) © To Do (Pending) @ Our Services
6489	05-IMAGES-OCR-BATCH-077.md	© Company Home + Ask Gemini | um JHMM aw JHSC | Projects >a “i Premium Plan Valid till 07 Jul 2026 (fh Integrate Tally/Zoho —_—‘& Refer & Earn ya 4 | Viewer | © come company a | ‘Owner: Onsite Office 2 Approval (Pending) © Material (Pending) © To Do (Pending) @ Our Services |
6490	05-IMAGES-OCR-BATCH-077.md	Onsite Add On Request Ask Gemini | @ AskGoogle | wim JHMM. am JHSC | Onsite Add On Request | Kindly note that Add Ons are chargeable at additional cost from the subscription cost. | Once you fill the form, our support team will connect with you to finalise the timeline & the
6491	05-IMAGES-OCR-BATCH-077.md	© Company Home + Ask Gemini | am JHMM. awn JHSC | Compan . | ae y Projects > wf Premium Plan Valid till 07 Jul 2026 Integrate Tally/Zoho £& Refer & Earn a 3 | Yash Desai | Dashboard pS 9770985945
6492	05-IMAGES-OCR-BATCH-077.md	© Reports + Ask Gemini | LB Elements Console Sources Performance Memory App | Premium Plan Valid till 07 Integrate | Reports > =" Jul 2026 Tally/Zoho @ carn As ~ he | No throtting | oc) (€Ss) (35) (Font) (Imp) (Media) (Manifest) (socket) (Wasm ) (Other | Lead Status Funnel Report Co dt | sot hy ams =e
6493	05-IMAGES-OCR-BATCH-077.md	Y © Other Expense x + +> Ask Gemini - ag xX | <€ (e] web.onsiteteams.com/c/4d6fc487-5cf8-4826-8fd3-1c1f5f1d7660/d/finance/transactions * o & i | BS Bl MyAccount © Soros (2019) cEMO Qj pop J pwas PIZ aj VAL (JI GRIN am JHMM sam JHSC viuE [J MFEM 3 JoeT [Al avsc | (R [0 | Elements Console Sources Network Performance Memory >> 4 As09s1 mss @ Gz x | @ | ¥. & | G Preserveiog | 5 Disable cache | Nothrotting ~|%| 2 £ | Y Filter Invert | More filters ¥
6494	05-IMAGES-OCR-BATCH-078.md	Y © Other Expense x + +> Ask Gemini - ag xX | <€ (e] web.onsiteteams.com/c/4d6fc487-5cf8-4826-8fd3-1c1f5f1d7660/d/finance/transactions * o & i | BS Bl MyAccount © Soros (2019) cEMO Qj pop J pwas PIZ aj VAL (JI GRIN am JHMM sam JHSC viuE [J MFEM 3 JoeT [Al avsc | (R [0 | Elements Console Sources Network Performance Memory >> 4 482079 m3 @ GB: x | @ | ¥. & | G Preserveiog | 5 Disable cache | Nothrotting ~|%| 2 £ | Y Filter Invert | More filters ¥
6495	05-IMAGES-OCR-BATCH-078.md	© Transaction | EB My Account | web.onsiteteams.com/c/4d6fc487-5cf8-4826-8fd3-1c1f5f1d7660/d/finance/payment-requests | © Soros (2019) | EEMO | ppp pwas
6496	05-IMAGES-OCR-BATCH-078.md	© Payroll x + | Gc web.onsiteteams.com/c/4d6fc487-5cf8-4826-8fd3-1<15f1d7660/d/payroll-attendance/people | EB vy Account © Soros (2019) EEMO J ppp Dwas —@ Piz | x Salary Breakup | New Salary Breakup | select bd
6497	05-IMAGES-OCR-BATCH-078.md	© Payroll | Gc web.onsiteteams.com/c/4d6fc487-5cf8-4826-8fd3-1<15f1d7660/d/payroll-attendance/people | EB My Account | x Salary Breakup | AMOUNT | Monthly CTC
6498	05-IMAGES-OCR-BATCH-078.md	© Quotation | EB vy Account © Soros (2019) | web.onsiteteams.com/c/4d6fc487-5cf8-4826-8fd3-1c1f5f1d7660/d/crm/crm-quotation | pop owas | PIZ @f IVAL sum JHMM asm JHSC VLUE | DB crin
6499	05-IMAGES-OCR-BATCH-079.md	© Quotation | EB My Account | web.onsiteteams.com/c/4d6fc487-5cf8-4826-8fd3-1c1f5f1d7660/d/crm/crm-quotation | © Soros (2019) | EEMO | PDP DWAS PIZ
6500	05-IMAGES-OCR-BATCH-079.md	© Quotation | EB My Account | web.onsiteteams.com/c/4d6fc487-5cf8-4826-8fd3-1c1f5f1d7660/d/crm/crm-quotation/details/d01 5b2d5-3b85-4a25-bcb 1 -f44962799724 | © Soros (2019) | EEMO QJ Ppp &¥ owas | X NEWITEM F seve |
6501	05-IMAGES-OCR-BATCH-079.md	© Quotation | EB My Account | x + > Ask Gemini _ a x | web.onsiteteams.com/c/4d6fc487-5cf8-4826-8fd3-1c1f5f1d7660/d/crm/crm-quotation/details/d01 5b2d5-3b85-4a25-bcb 1 -f44962799724 bd o 4 @ i | © Soros (2019) EEMO QJ Ppp &¥ owas PIZ IVAL JJ GRIN sm JHMM ax JHSC vive vrem 3 JoeT [Al avsc | (R [0 | Elements Console Sources Network Performance Memory >> 12 0148309 61 @ Bi x
6502	05-IMAGES-OCR-BATCH-079.md	© Library | EB My Account | web.onsiteteams.com/c/4d6fc487-5cf8-4826-8fd3-1c1f5f1d7660/d/library/rate-library | © Soros (2019) PIZ IVAL (J) GRIN 4 JHMM. | EEMO QJ Ppp &¥ owas | X= NEWITEM
6503	05-IMAGES-OCR-BATCH-079.md	© Library | EB My Account | web.onsiteteams.com/c/4d6fc487-5cf8-4826-8fd3-1c1f5f1d7660/d/library/rate-library | © Soros (2019) EEMO QJ Ppp &¥ owas PIZ IVAL JJ GRIN sm JHMM ax JHSC vive vrem 3 JoeT [Al avsc | RB Elements Console Sources _Network Performance Memory >> | XX NEWITEM | save | @ > Y. Q | G Preserve log Disable cache | No throttling Se tL
6504	05-IMAGES-OCR-BATCH-080.md	© Library x + > Ask Gemini al a x | e web.onsiteteams.com/c/4d6fc487-5cf8-4826-8fd3-1c1f5f1d7660/d/library/workforce * Oo S wi | EB vy Account © Soros (2019) EEMO Ppp pwas PIZ IVAL JJ GRIN sm JHMM ax JHSC VLUE MFEM 3 JOET [Al] AVSC | (R [0 | Elements Console Sources Network Performance Memory >> 12 0148309 67 @ Bi x | X ADD WORKFORCE Cancel | save | @ > Y. Q | G Preserve log Disable cache | No throttling Se tL | Y Filter Invert | More filters ¥
6505	05-IMAGES-OCR-BATCH-080.md	© Company Settings x + > Ask Gemini | e web.onsiteteams.com/c/4d6fc487-5cf8-4826-8fd3-1c1f5f1d7660/d/company-settings/holiday-weekoff | MyAccount ©) Soros cEMO &g VAL J) GRIN 4 JHMM sam JHSC vue [J wrem JOT [A avsc | % [BD Elements Console Sources _Network Performance _ Memory | _ . Premium Plan Valid till 07 Integrate = a — = = | = Company < P ti€.Ss Paes Jul 2026 Tally/Zoho @ carn jae & Q|\¥. a Preserve log 2 | No throttling 2
6506	05-IMAGES-OCR-BATCH-080.md	© Company Settings + Ask Gemini | web.onsiteteams.com/c/4d 8 bs | E® cevo VLUE MFEM | LB Elements Console Sources Performance Memory | as @ Q sralt No throtting >) | c pti Premium Plan Valid till 07 Integrate e
6507	05-IMAGES-OCR-BATCH-080.md	© Company Settings + Ask Gemini | web.onsiteteams.com/c/4d 8 bs | E® cevo Ss VLUE | LB Elements Console Sources Performance Memory | as @ Q sralt No throtting >) | c pti Premium Plan Valid till 07 Integrate e
6508	05-IMAGES-OCR-BATCH-080.md	© Company Settings | web.onsiteteams.com/c/4d! | Company £ P ti | Roles & Access | Payroll | Holiday & Weekoff
6509	05-IMAGES-OCR-BATCH-081.md	© Company Settings | web.onsiteteams.com/c/4d! | Company £ P ti | Roles & Access | Payroll | Holiday & Weekoff
6510	05-IMAGES-OCR-BATCH-081.md	© Company Settings + Ask Gemini | web.onsiteteams.com/c/4d 8 bs | E® cevo Ss VLUE | RR [0 Elements o Performance Memory | as @ Q sralt No throtting >) | c pt Premium Plan Valid till 07 Integrate °
6511	05-IMAGES-OCR-BATCH-081.md	© Company Settings | web.onsiteteams.com/c/4d! | Company £ P ti | Roles & Access | Payroll | Holiday & Weekoff
6512	05-IMAGES-OCR-BATCH-081.md	© Company Settings + Ask Gemini | web.onsiteteams.com/c/4d 8 bs | E® cevo Ss VLUE | RR [0 Elements o Performance Memory | as @ Q sralt No throtting >) | c pt Premium Plan Valid till 07 Integrate °
6513	05-IMAGES-OCR-BATCH-081.md	© Company Settings + Ask Gemini | web.onsiteteams.com/c/4d 8 bs | E® cevo Ss VLUE | RR [0 Elements o Performance Memory | as @ Q sralt No throtting >) | c pt Premium Plan Valid till 07 Integrate °
6514	05-IMAGES-OCR-BATCH-082.md	© Company Settings + Ask Gemini | web.onsiteteams.com/c/4d 8 bs | E® cevo VLUE MFEM | RR [0 Elements o Performance Memory | as @ Q sralt No throtting >) | c pt Premium Plan Valid till 07 Integrate °
6515	05-IMAGES-OCR-BATCH-082.md	© Company Settings + Ask Gemini | web.onsiteteams.com/c/4d 8 bs | E® cevo Ss VLUE | RR [0 Elements o Performance Memory | as @ Q sralt No throtting >) | c pt Premium Plan Valid till 07 Integrate °
6516	05-IMAGES-OCR-BATCH-082.md	© Company Settings | web.onsiteteams.com/c/4d! | Company £ P ti | Roles & Access | Payroll | Holiday & Weekoff
6517	05-IMAGES-OCR-BATCH-082.md	# Ask Gemini | -om/c/4d 8 /mom bs | E® cevo VLUE MFEM | Elements Console Sources Performance Memory | Premium Plan Valid till 07 Integrate = = = | = MoM > Jul 2026 Tally/Z0ho cain a @ : No trotting _~ | 7%
6518	05-IMAGES-OCR-BATCH-082.md	© Schedule x + | Cc web.onsiteteams.com/c/a2b71 | MyAccount ©) Soros ceMO §y | Jul 2026 | Schedule | From 8
6519	05-IMAGES-OCR-BATCH-083.md	© Company Home | Demo Company | Viewer | Project | Team Schedule | Payroll
6520	05-IMAGES-OCR-BATCH-083.md	¢ Ask Gemini | web.onsitet n/c/a2 db1c/ 8 -4 t bs | am JHMM. awn JHSC | Demo Company Demo Project ~ e ongoing y § A 3 | Viewer | Party Transaction ToDo Task Attendance Material ~Subcon Equipment Files _ Inspection
6521	05-IMAGES-OCR-BATCH-083.md	¢ Ask Gemini | web.onsitet n/c/a2 db1c/ 8 -4 t bs | am JHMM. awn JHSC | Demo Company Demo Project ~ e ongoing y § A 3 | Viewer | Party Transaction ToDo Task Attendance Material“ Subcon Equipment files _ Inspection
6522	05-IMAGES-OCR-BATCH-083.md	¢ Ask Gemini | am JHMM. awn JHSC | Demo Company Demo Project ~ e ongoing y § A 3 | Viewer | Party Transaction ToDo Task Attendance Material“ Subcon Equipment Files _ Inspection | Project
6523	05-IMAGES-OCR-BATCH-083.md	¢ Ask Gemini | Demo Company Demo Project ~ | Viewer | e ongoing y § A & | Party Transaction ToDo Task Attendance Material ~Subcon Equipment __Files__ Inspection | Project y ~ allStatus ¥ Assignee v Tag v From & - To a R &
6524	05-IMAGES-OCR-BATCH-084.md	¢ Ask Gemini | Demo Company Demo Project ~ e ongoing y § A 3 | Viewer | Party Transaction ToDo Task Attendance Material ~Subcon Equipment Files _ Inspection | Project +~ allStatus ¥ — Assignee v = Tag v From § - To 8 bw | Team Schedule SNO. TASK NAME DTO DURATION SCHEDULE ACTUAL FORECASTEND — DEPENDENCIES (6)
6525	05-IMAGES-OCR-BATCH-084.md	¢ Ask Gemini | Demo Company Demo Project ~ e ongoing y § A 3 | Viewer | Party Transaction ToDo Task Attendance Material ~Subcon Equipment Files _ Inspection | Project yy allStatus ~ Assignee v Tag v From 8 - To fa) ® | Team Schedule SNO. TASK NAME SCHEDULE ACTUAL FORECASTEND DEPENDENCIES Tag (3)
6526	05-IMAGES-OCR-BATCH-084.md	© Attendance ¢ Ask Gemini | web.onsitet n/c/a2 db1c/ 8 -4 bs | am JHMM. awn JHSC | Demo Company Demo Project ~ eongingy § A 3 | Viewer | Party Transaction ToDo Task Attendance Material ~Subcon Equipment files _ Inspection
6527	05-IMAGES-OCR-BATCH-084.md	© Material ¢ Ask Gemini | EA naterial/lis' bs | am JHMM. awn JHSC | Demo Company Demo Project ~ e ongoing y § A 3 | Viewer | Party Transaction ToDo Task Attendance Material ~Subcon Equipment files _ Inspection
6528	05-IMAGES-OCR-BATCH-084.md	¢ Ask Gemini | am JHMM. awn JHSC | Demo Company Demo Project ~ e ongoing y § A 3 | Viewer | Party Transaction ToDo Task Attendance Material“ Subcon Equipment files _ Inspection | O Project
6529	05-IMAGES-OCR-BATCH-085.md	¢ Ask Gemini | A: quipment * | am JHMM. awn JHSC | Demo Company Demo Project ~ e@ ongoing fb A 3 | Viewer | Party Transaction ToDo Task Attendance Material Subcon Equipment Files _ Inspection
6530	05-IMAGES-OCR-BATCH-085.md	© Photos ¢ Ask Gemini | web.onsitet n/c/a2 db1c/ 8 -4 bs | am JHMM. awn JHSC | Demo Company Demo Project ~ e ongoing y § A 3 | Viewer | Party Transaction ToDo Task Attendance Material“ Subcon Equipment Files _ Inspection
6531	05-IMAGES-OCR-BATCH-085.md	© Photos ¢ Ask Gemini | am JHMM. awn JHSC | Demo Company Demo Project ~ e ongoing y § A 3 | Viewer | Party Transaction ToDo Task Attendance Material“ Subcon Equipment Files _ Inspection | Project € site Documents
6532	05-IMAGES-OCR-BATCH-085.md	Y © Photos x + > Ask Gemini | So Cc 23 web.onsiteteams.com/c/a2b/f89d-Oaab-4e5b-a29a-b17b4849db 1c/p/Sabe8add-c3af-43ea-a215-528c7cdf3d50/photos/folder-details/7006577c-2c34-44aa-bcf8-cab4a9a37fcb bd 5 & wi | BS Bl MyAccount © Soros (2019) cEMO Qj pop J pwas PIZ IVAL J) GRIN wm JHMM aa JHSC VLUE MFEM 3 JOET {Aj AVSC
6533	05-IMAGES-OCR-BATCH-085.md	© Photos ¢ Ask Gemini | Demo Company Demo Project ~ e ongoing y § A 3 | Viewer | Party Transaction ToDo Task Attendance Material ~Subcon Equipment Files_ Inspection | Project | Search Q Inspected By v Status v
6534	05-IMAGES-OCR-BATCH-086.md	© Schedule x + | Cc web.onsiteteams.com/c/a2b7f89d-Oaab-4e5b-a29a-b17b4849db1¢/d/team-action/schedule | MyAccount (© Soros (2019) QM eeMo ppp B pwas IVAL JJ GRIN sm JHMM ax JHSC vue [J wrem | Demo Compan’ | pony (f) Integrate Tally/Zoho —¢ Refer & Earn yay 3 | Team Schedule
6535	05-IMAGES-OCR-BATCH-086.md	¢ Ask Gemini | web.onsite n/c/a2 db1c/d/ nt bs | am JHMM. awn JHSC | Demo Compan | Gers pay Equipment Integrate Tally/Zoho —‘ Refer & Earn as | Project
6536	05-IMAGES-OCR-BATCH-086.md	¢ Ask Gemini | am JHMM. awn JHSC | Demo Company . | Viewer library | Integrate Tally/Zoho —_—‘ Refer & Earn yay 3 | Project Cost Code Library Workforce Library ©
6537	05-IMAGES-OCR-BATCH-086.md	¢ Ask Gemini | am JHMM. awn JHSC | Demo Compan’ | Gers pany Library Integrate Tally/Zoho —_—‘ Refer & Earn a 3 | Project Cost Code Library © | cTenintSehecites Workforce Library search Cost Code Q
6538	05-IMAGES-OCR-BATCH-086.md	© View Payment | EB My Account | > Ask Gemini | web.onsiteteams.com/c/a2b/f89d-Oaab-4e5b-a29a-b17b4849db 1c/p/Sabe8add-c3af-43ea-a2 15-528c7cdf3d50/payment | © Soros (2019) | EEMO
6539	05-IMAGES-OCR-BATCH-087.md	© Material | EB My Account | web.onsiteteams.com/c/a2b/f89d-Oaab-4e5b-a29a-b17b4849db 1c/p/Sabe8add-c3af-43ea-a2 15-528c7cdf3d50/material/list | © Soros (2019) | EEMO | PIZ IVAL
6540	05-IMAGES-OCR-BATCH-087.md	© Material | EB My Account | web.onsiteteams.com/c/a2b/f89d-Oaab-4e5b-a29a-b17b4849db 1c/p/Sabe8add-c3af-43ea-a2 15-528c7cdf3d50/material/list | © Soros (2019) | EEMO | ppp pwas
6541	05-IMAGES-OCR-BATCH-087.md	© Material x + > Ask Gemini - a x | web.onsiteteams.com/c/a2b7{89d-Oaab-4e5b-a29a-b17b4849db 1c/p/Sabe8add-c3af-43ea-a215-528c7/cdf3d50/material/list xe DOD) hw: | EB vy Account © Soros (2019) cEMO Qj pop J pwas PIZ IVAL JJ GRIN sm JHMM ax JHSC viuE [J MFEM 3 JoeT [Al avsc | (8 CO Elements Console Sources Network Performance Memory Application >> sazn9 @& : x | DIESEL @ | ¥. Q | @Preserveiog | O Disable cache | Nothrotting ~|S | 2 L | Cost Code: Fuel
6542	05-IMAGES-OCR-BATCH-087.md	© Material | EB My Account | web.onsiteteams.com/c/a2b/f89d-Oaab-4e5b-a29a-b17b4849db 1c/p/Sabe8add-c3af-43ea-a2 15-528c7cdf3d50/material/list | © Soros (2019) | EEMO J ppp | DWAS PIZ
6543	05-IMAGES-OCR-BATCH-087.md	© Material | EB My Account | web.onsiteteams.com/c/a2b/f89d-Oaab-4e5b-a29a-b17b4849db 1c/p/Sabe8add-c3af-43ea-a2 15-528c7cdf3d50/material/list | © Soros (2019) | EEMO J ppp | DWAS PIZ
6544	05-IMAGES-OCR-BATCH-088.md	Y © Material x + > Ask Gemini - a x | So Cc £3 web.onsiteteams.com/c/a2b7f89d-Oaab-4e5b-a29a-b17b4849db1c/p/Sabe8add-c3af-43ea-a215-528c7cdf3d50/material/list bd 5 4 € S | BS Bl MyAccount © Soros (2019) QM EEMO QM ppp QM owas PIZ IVAL [JJ GRIN JHMM wm JHSC vive [J MFEm JoeT [Al avsc | CEMENT 43 GRADE | Remaining on Site | 10 bags
6545	05-IMAGES-OCR-BATCH-088.md	Y © Material x + | > Ask Gemini - ag xX | S Cc £3 web.onsiteteams.com/c/a2b/f89d-Oaab-4e5b-a29a-b17b4849db1c/p/Sabe8add-c3af-43ea-a215-528c7cdf3d50/material/list bd 5 4 @ | BS Bl MyAccount © Soros (2019) EEMO PDP Dwas PIZ IVAL (J) GRIN am JHMM sae JHSC VLUE MFEM JoeT [Al avsc | DIESEL | Cost Code: Fuel
6546	05-IMAGES-OCR-BATCH-088.md	Y © Material x + | > Ask Gemini - ag xX | S Cc £3 web.onsiteteams.com/c/a2b/f89d-Oaab-4e5b-a29a-b17b4849db1c/p/Sabe8add-c3af-43ea-a215-528c7cdf3d50/material/list bd 5 4 @ | BS Bl MyAccount © Soros (2019) EEMO PDP Dwas PIZ IVAL (J) GRIN am JHMM sae JHSC VLUE MFEM JoeT [Al avsc | DIESEL | Cost Code: Fuel
6547	05-IMAGES-OCR-BATCH-088.md	Y © Material x + | > Ask Gemini - ag xX | S Cc £3 web.onsiteteams.com/c/a2b/f89d-Oaab-4e5b-a29a-b17b4849db1c/p/Sabe8add-c3af-43ea-a215-528c7cdf3d50/material/list bd 5 4 @ | BS Bl MyAccount © Soros (2019) EEMO PDP Dwas PIZ IVAL (J) GRIN am JHMM sae JHSC VLUE MFEM JoeT [Al avsc | DIESEL | Cost Code: Fuel
6548	05-IMAGES-OCR-BATCH-088.md	Y © Material x + | > Ask Gemini - ag xX | S Cc £3 web.onsiteteams.com/c/a2b/f89d-Oaab-4e5b-a29a-b17b4849db1c/p/Sabe8add-c3af-43ea-a215-528c7cdf3d50/material/list bd 5 4 @ | BS Bl MyAccount © Soros (2019) EEMO PDP Dwas PIZ IVAL (J) GRIN am JHMM sae JHSC VLUE MFEM JoeT [Al avsc | DIESEL | Cost Code: Fuel
6549	05-IMAGES-OCR-BATCH-089.md	Y © Material x + > Ask Gemini - a x | So Cc £3 web.onsiteteams.com/c/a2b7f89d-Oaab-4e5b-a29a-b17b4849db1c/p/Sabe8add-c3af-43ea-a215-528c7cdf3d50/material/list bd 5 4 € S | BS Bl MyAccount © Soros (2019) QM EEMO QM ppp QM owas PIZ IVAL [JJ GRIN JHMM wm JHSC vive [J MFEm JoeT [Al avsc | STEEL BAR 8MM | Remaining on Site | 1,035 tonne
6550	05-IMAGES-OCR-BATCH-089.md	Y © Material x + > Ask Gemini - a x | So Cc £3 web.onsiteteams.com/c/a2b7f89d-Oaab-4e5b-a29a-b17b4849db1c/p/Sabe8add-c3af-43ea-a215-528c7cdf3d50/material/list bd 5 4 € S | BS Bl MyAccount © Soros (2019) QM EEMO QM ppp QM owas PIZ IVAL [JJ GRIN JHMM wm JHSC vive [J MFEm JoeT [Al avsc | STEEL BAR 8MM | Remaining on Site | 1,035 tonne
6551	05-IMAGES-OCR-BATCH-089.md	Y © Material x + | > Ask Gemini - ag xX | S Cc £3 web.onsiteteams.com/c/a2b/f89d-Oaab-4e5b-a29a-b17b4849db1c/p/Sabe8add-c3af-43ea-a215-528c7cdf3d50/material/list bd 5 4 @ | BS Bl MyAccount © Soros (2019) EEMO PDP Dwas PIZ IVAL (J) GRIN am JHMM sae JHSC VLUE MFEM JoeT [Al avsc | STEEL BAR 8MM | Cost Code: Stee!